nta_id,cluster_id,market_type,demand_score,halal_supply_rate,gap_score,halal_cuisine_diversity,critical_rate,grade_a_rate,inspection_frequency,viability_score,final_score,similar_ntas,rank,high_risk_prob,risk_bucket,risk_component,risk_confidence,halal_demand_forecast,new_halal_entry_forecast,halal_demand_forecast_norm,final_score_adjusted
BK58,3,High Opportunity,0.9859925440308868,0.0098039215686274,0.9667955826711128,1.0,0.5362318840579711,0.2405797101449275,4.2592592592592595,1.0,0.9811152506808,"QN33,BK81,QN37",1,0.9999999999999998,High,Medium-High Risk,High confidence,0.7359413552947169,1.9528777308510705,0.9919303865368183,0.9166697956155028
QN33,3,High Opportunity,0.9708432060918426,0.0,1.0,0.0,0.4567901234567901,0.3333333333333333,4.5,1.0,0.9883372824367372,"BK58,BK81,QN37",2,0.9999999999999998,High,High Risk,High confidence,0.6847100857787698,1.9528777308510705,0.8951242310776649,0.9152848853200853
QN25,3,High Opportunity,0.9057022580502508,0.0,0.932902710105148,0.0,0.0,0.0,1.0,0.5,0.8354419872621596,"SI14,QN30,BK72",3,1.3672367006559233e-73,Low,Medium-Low Risk,Low confidence,0.4426794593010697,1.9528777308510705,0.4377852919092093,0.872016408688837
SI14,3,High Opportunity,0.7893741344382782,0.0,0.8130809686725075,0.0,0.0,0.0,1.0,0.5,0.7409820412443143,"QN30,BK72,QN25",4,2.7357244626108326e-78,Low,Medium-Low Risk,Low confidence,0.4426794593010697,1.9528777308510705,0.4377852919092093,0.7734211451668768
BK72,3,High Opportunity,0.7457457386059689,0.0,0.7681423054995564,0.0,0.0,0.0,1.0,0.5,0.7055552176422101,"QN30,SI14,SI35",5,3.286400955765055e-80,Low,Medium-Low Risk,Low confidence,0.6247276940600759,1.9528777308510705,0.7817820322136639,0.7607142568309382
QN44,2,Established Hub,1.0,0.0909090909090909,0.5774424305473553,3.0,0.3833333333333333,0.4166666666666667,2.857142857142857,1.0,0.8309769722189422,"QN56,QN61,QN05",6,1.0,High,High Risk,High confidence,0.4426794593010697,1.1878139742385327,0.4377852919092093,0.7372525335760804
BK81,3,High Opportunity,0.7893741344382782,0.0108695652173913,0.7589669453632811,1.0,0.5018450184501845,0.3247232472324723,5.113207547169812,1.0,0.8193364319206238,"QN37,BK58,QN33",7,1.0000000000000004,High,High Risk,High confidence,0.4426794593010697,1.9528777308510705,0.4377852919092093,0.7269249094492489
QN37,3,High Opportunity,0.8089926148675539,0.0204081632653061,0.7316868003277153,1.0,0.4788732394366197,0.2112676056338028,2.84,1.0,0.8162717660781078,"BK81,BK58,QN72",8,1.0000000000000004,High,High Risk,High confidence,0.4426794593010697,1.9528777308510705,0.4377852919092093,0.7242059019045204
SI35,3,High Opportunity,0.7067227056690274,0.0,0.7279473155237498,0.0,0.0,0.0,1.0,0.5,0.6738680084771108,"BK85,BK72,BX29",9,5.321225574186342e-82,Low,Medium-Low Risk,Low confidence,0.4426794593010697,1.9528777308510705,0.4377852919092093,0.7033689587570537
SI07,3,High Opportunity,0.7288956249858847,0.0217391304347826,0.6425580951727384,2.0,0.0,0.0,1.0,0.5,0.6485814880634492,"QN43,QN53,BK75",10,3.7680990425744474e-81,Low,Medium-Low Risk,Low confidence,0.6428223475572262,1.9528777308510705,0.8159735300230124,0.7015040206957203
BK85,3,High Opportunity,0.685775417508912,0.0,0.7063709291117366,0.0,0.0,0.0,1.0,0.5,0.6568585386482594,"SI35,BX29,BK72",11,5.448953456557071e-83,Low,Medium-Low Risk,Low confidence,0.4426794593010697,1.9528777308510705,0.4377852919092093,0.6856148393567779
BK75,3,High Opportunity,0.6719654258423496,0.0103092783505154,0.6408215489838189,2.0,0.0,0.0,1.0,0.5,0.6251147899304674,"BK45,SI35,BK85",12,9.724120493895917e-84,Low,Medium-Low Risk,Low confidence,0.48319429808903874,1.9528777308510705,0.5143417742913179,0.6572670549493256
QN05,3,High Opportunity,0.7265492444397526,0.0277777777777777,0.6100779008021014,1.0,0.4827586206896552,0.3620689655172414,3.2222222222222223,1.0,0.7346508580967417,"QN72,QN37,QN61",13,1.0000000000000002,High,Medium-High Risk,High confidence,0.4426794593010697,1.9528777308510705,0.4377852919092093,0.6517908733131053
QN43,3,High Opportunity,0.8299989883380211,0.024390243902439,0.7334992973199691,1.0,0.5714285714285714,0.3469387755102041,3.2666666666666666,0.5,0.7253993142631961,"SI07,QN53,QN25",14,1.0000000000000002,High,Medium-High Risk,High confidence,0.4426794593010697,1.9528777308510705,0.4377852919092093,0.6435827949200803
QN30,3,High Opportunity,0.7675582344155445,0.0,0.7906098838610329,0.0,0.5490196078431373,0.2679738562091503,3.923076923076923,0.5,0.7232672473106311,"SI14,BK72,SI35",15,1.0,High,Medium-High Risk,High confidence,0.4426794593010697,1.9528777308510705,0.4377852919092093,0.6416912000683781
BK60,3,High Opportunity,0.6721542150491813,0.0157894736842105,0.6137329095334166,1.0,0.506631299734748,0.2864721485411141,4.383720930232558,1.0,0.7143548498330392,"QN72,QN17,BX34",16,1.0,High,Medium-High Risk,High confidence,0.49198203126604884,1.9528777308510705,0.5309469974705403,0.6394408101831098
QN72,3,High Opportunity,0.692332552445114,0.0227272727272727,0.5999774875506784,3.0,0.5225563909774437,0.3157894736842105,3.855072463768116,1.0,0.716924015998317,"QN05,BK60,QN37",17,1.0,High,Medium-High Risk,High confidence,0.4426794593010697,1.9528777308510705,0.4377852919092093,0.6360634107163159
BK45,3,High Opportunity,0.6515415892594641,0.0103092783505154,0.6197843346790475,1.0,0.0,0.0,1.0,0.5,0.6085303695754046,"BK75,BK63,BX29",18,9.835279011943006e-85,Low,Medium-Low Risk,Low confidence,0.4426794593010697,1.9528777308510705,0.4377852919092093,0.6351709341234234
QN17,3,High Opportunity,0.6348557294692178,0.0084033613445378,0.6120859467748109,2.0,0.5236051502145923,0.2918454935622318,4.438095238095238,1.0,0.6987766704976115,"BX34,BX39,QN20",19,1.0,High,Medium-High Risk,High confidence,0.5363173214832169,1.9528777308510705,0.6147225712098143,0.6304722422080963
QN61,3,High Opportunity,0.6837313820340283,0.0352422907488986,0.5288121090953835,2.0,0.5073891625615764,0.2939244663382594,4.7578125,1.0,0.6850173964517647,"QN56,QN05,QN72",20,1.0,High,High Risk,High confidence,0.5417126573665574,2.146439565664675,0.6249175503546202,0.6186515354179796
MN03,3,High Opportunity,0.5981939239833748,0.0,0.6161591493145652,0.0,0.4871794871794871,0.4188034188034188,3.342857142857143,1.0,0.685741229319176,"MN14,QN20,BX39",21,1.0,High,Medium-High Risk,High confidence,0.4322183702050285,1.9528777308510705,0.4180181101299604,0.6072454864023464
QN20,3,High Opportunity,0.5892112066987043,0.0036363636363636,0.5888030585536894,1.0,0.5294117647058824,0.3320683111954459,3.6597222222222223,1.0,0.6712057061009575,"MN14,MN03,BX39",22,1.0,High,Medium-High Risk,High confidence,0.5217438229382549,1.9528777308510705,0.5871846167718869,0.6040251917373335
BK96,3,High Opportunity,0.5887107473149187,0.0,0.606391169676915,0.0,0.0,0.0,1.0,0.5,0.5780407667967334,"BK88,QN34,MN35",23,7.776580052019591e-88,Low,Medium-Low Risk,Low confidence,0.4426794593010697,1.9528777308510705,0.4377852919092093,0.6033465413794866
QN56,3,High Opportunity,0.6755680323640616,0.0357142857142857,0.5180537718028121,1.0,0.5285714285714286,0.2785714285714286,4.375,1.0,0.6774487216667495,"QN61,QN05,QN72",24,1.0,High,High Risk,High confidence,0.4426794593010697,1.9528777308510705,0.4377852919092093,0.6010404657580509
BX34,3,High Opportunity,0.6110821705222498,0.0101010101010101,0.579146682154884,1.0,0.4490291262135922,0.4830097087378641,2.9014084507042255,1.0,0.6760915410708535,"BX39,QN17,QN20",25,1.0,High,Medium-High Risk,High confidence,0.4426794593010697,1.9528777308510705,0.4377852919092093,0.5998363591867547
BX39,3,High Opportunity,0.6024139696977044,0.0074074074074074,0.5836282285404386,1.0,0.5247524752475248,0.2673267326732673,4.590909090909091,1.0,0.6744168792952572,"BX34,QN20,QN17",26,0.9999999999999999,High,Medium-High Risk,High confidence,0.4426794593010697,1.9528777308510705,0.4377852919092093,0.5983505795824844
MN14,3,High Opportunity,0.5860237908880146,0.0,0.6036235173824518,0.0,0.4724919093851132,0.343042071197411,3.5930232558139537,1.0,0.6758589233081866,"MN03,QN20,BX39",27,0.9999999999999998,High,Medium-High Risk,High confidence,0.4210569862127876,1.9528777308510705,0.3969276572854169,0.5972827882341125
BK25,2,Established Hub,0.7323017108379446,0.0687022900763358,0.4122608466786669,2.0,0.0,0.0,1.0,0.5,0.5578250230066446,"BK44,BK83,QN06",28,3.4375613819699847e-81,Low,Medium-Low Risk,Low confidence,0.5213045901403925,2.439665282554362,0.5863546463472932,0.5905333524155179
BK63,3,High Opportunity,0.603752136329701,0.0136986301369863,0.5536857932307029,1.0,0.0,0.0,1.0,0.5,0.5629751718241616,"QN55,BK40,SI12",29,3.6923786805433494e-87,Low,Medium-Low Risk,Low confidence,0.421052206403785,1.9528777308510705,0.3969186254004423,0.585320704957664
QN06,1,Growing Market,0.6300463019788602,0.037037037037037,0.4645796081897695,2.0,0.0,0.0,1.0,0.5,0.5378503640674519,"QN53,BK25,SI12",30,5.906860258931365e-86,Low,Medium-Low Risk,Low confidence,0.6134427614666761,0.9560772725913671,0.7604581230210044,0.5787516318999417
BK40,3,High Opportunity,0.585799918117326,0.0151515151515151,0.5279612523101012,1.0,0.0,0.0,1.0,0.5,0.5455044681709709,"BK63,QN55,BK68",31,4.259484251674148e-88,Low,Medium-Low Risk,Low confidence,0.4426794593010697,1.9528777308510705,0.4377852919092093,0.5693858514545715
BK29,1,Growing Market,0.5655604401370483,0.0144927536231884,0.5103935711236037,1.0,0.5191082802547771,0.3439490445859872,3.925,1.0,0.630381604504261,"QN41,BK61,BK21",32,1.0,High,Medium-High Risk,High confidence,0.5331695667396301,1.9528777308510705,0.6087746015823958,0.5684439901894127
BX29,3,High Opportunity,0.6614065845652585,0.0,0.6812702405651782,0.0,0.5578512396694215,0.3388429752066115,3.611940298507463,0.5,0.6370707300521746,"BK85,SI35,QN34",33,0.9999999999999999,High,Medium-High Risk,High confidence,0.4426794593010697,1.9528777308510705,0.4377852919092093,0.5652166371637783
BK23,1,Growing Market,0.4897039143106066,0.0285714285714285,0.3621683439808776,1.0,0.0,1.0,1.0,1.0,0.5407489033165938,"QN15,MN11,MN13",34,2.346936890130203e-50,Low,Low Risk,Low confidence,0.4426794593010697,1.9528777308510705,0.4377852919092093,0.5644220949653977
QN42,1,Growing Market,0.5344719931130613,0.0,0.5505234931442675,0.0,0.5161290322580645,0.3548387096774194,3.576923076923077,1.0,0.6339981945029316,"SI11,QN21,MN40",35,1.0,High,Medium-High Risk,High confidence,0.4426794593010697,1.9528777308510705,0.4377852919092093,0.562490647522774
SI08,1,Growing Market,0.4150582761759843,0.0,0.4275234904787698,0.0,0.0,1.0,1.0,1.0,0.5370327066619016,"QN18,QN07,BX41",36,1.7014950778545252e-48,Low,Low Risk,Low confidence,0.4426794593010697,1.9528777308510705,0.4377852919092093,0.5605432086869789
QN53,3,High Opportunity,0.6843153921697094,0.0277777777777777,0.5665756627424081,2.0,0.5590277777777778,0.2604166666666667,4.430769230769231,0.5,0.6003564219648471,"SI07,SI12,QN43",37,0.9999999999999999,High,Medium-High Risk,High confidence,0.693018505967191,0.7715171701818258,0.9108237486570586,0.5567825640467908
SI11,1,Growing Market,0.5240009671855896,0.0,0.5397379967203672,0.0,0.5214285714285715,0.3428571428571428,3.4146341463414633,1.0,0.6254955855623827,"QN42,QN21,MN40",38,0.9999999999999999,High,Medium-High Risk,High confidence,0.4426794593010697,1.9528777308510705,0.4377852919092093,0.55494703296666
BK21,1,Growing Market,0.5450932449647148,0.0108695652173913,0.5073497038347308,1.0,0.525,0.3,3.870967741935484,1.0,0.6209771795197783,"BK61,SI05,BK29",39,1.0,High,Medium-High Risk,High confidence,0.4426794593010697,1.9528777308510705,0.4377852919092093,0.5509382500352384
QN41,1,Growing Market,0.5519111048115137,0.0151515151515151,0.4930546751273316,1.0,0.5348837209302325,0.4186046511627907,4.161290322580645,1.0,0.6179863119755382,"BK61,BK29,BK21",40,1.0,High,Medium-High Risk,High confidence,0.4426794593010697,1.9528777308510705,0.4377852919092093,0.5482847172078567
BK68,1,Growing Market,0.555047553291498,0.0132450331125827,0.5057767208610369,2.0,0.0,0.0,1.0,0.5,0.524329709661014,"BK40,BK63,QN55",41,1.0397562181741293e-89,Low,Medium-Low Risk,Low confidence,0.4426794593010697,1.9528777308510705,0.4377852919092093,0.5472840931610758
BK61,1,Growing Market,0.5441965409865992,0.0139372822299651,0.4911534707318387,2.0,0.5069551777434312,0.2998454404945904,4.556338028169014,1.0,0.6141400046873753,"QN41,BK21,BK29",42,1.0,High,Medium-High Risk,High confidence,0.4426794593010697,1.9528777308510705,0.4377852919092093,0.5448722281884097
QN34,3,High Opportunity,0.6172964547465084,0.0,0.6358353757569702,0.0,0.5441860465116279,0.2790697674418604,4.886363636363637,0.5,0.6012527322013915,"BK96,BX29,BK85",43,1.0,High,Medium-High Risk,High confidence,0.553720642841772,1.9528777308510705,0.6476077339016635,0.5441617755204485
MN40,1,Growing Market,0.5229634271147341,0.0058479532163742,0.5095553193328517,2.0,0.4705882352941176,0.2549019607843137,4.135135135135135,1.0,0.6130074985790344,"MN25,SI11,QN21",44,1.0,High,Medium-High Risk,High confidence,0.4426794593010697,1.9528777308510705,0.4377852919092093,0.5438674554623555
QN21,1,Growing Market,0.5078752522766636,0.0,0.5231279871866541,0.0,0.3880597014925373,0.5522388059701493,2.9130434782608696,1.0,0.6124012957853271,"SI11,QN42,MN40",45,1.0,High,Medium-High Risk,High confidence,0.4426794593010697,1.9528777308510705,0.4377852919092093,0.5433296252210094
MN25,1,Growing Market,0.5126398568370276,0.0066666666666666,0.4948457501688048,3.0,0.5369955156950673,0.3419282511210762,3.878260869565217,1.0,0.6029942428023329,"MN40,QN54,SI05",46,1.0,High,Medium-High Risk,High confidence,0.522930374403269,1.7279131758617283,0.5894267139650217,0.5427558841633415
MN31,1,Growing Market,0.5245556372467512,0.0161290322580645,0.4600110967426297,3.0,0.5114155251141552,0.3302891933028919,4.132075471698113,1.0,0.5938266935957524,"MN20,BK61,SI05",47,1.0,High,Medium-High Risk,High confidence,0.5875234870681512,1.874254981455879,0.711481290502126,0.5406648990513894
BK43,1,Growing Market,0.5621855657050568,0.0229885057471264,0.4646213227466039,1.0,0.5348837209302325,0.2392026578073089,4.854838709677419,1.0,0.6107227553806643,"QN41,MN31,BK29",48,1.0,High,Medium-High Risk,High confidence,0.41896458336916814,1.9528777308510705,0.3929738713090701,0.5395141793392356
SI05,1,Growing Market,0.5240009671855896,0.0117647058823529,0.4811675244327339,1.0,0.5272108843537415,0.3129251700680272,3.769230769230769,1.0,0.6020673966473296,"BK61,BK21,MN31",49,1.0,High,Medium-High Risk,High confidence,0.4426794593010697,1.9528777308510705,0.4377852919092093,0.5341612684844029
QN54,1,Growing Market,0.4911826430544718,0.0069444444444444,0.4713612098928011,1.0,0.5219298245614035,0.3289473684210526,4.384615384615385,1.0,0.5850175411789091,"MN25,MN40,QN02",50,1.0,High,Medium-High Risk,High confidence,0.4371885894733486,1.9528777308510705,0.4274097926648877,0.5185184992104237
QN02,1,Growing Market,0.4725372074013947,0.0,0.4867286544689403,0.0,0.5222222222222223,0.4166666666666667,3.9130434782608696,1.0,0.5837063447481341,"BX14,QN21,QN54",51,0.9999999999999999,High,Medium-High Risk,High confidence,0.4426794593010697,1.9528777308510705,0.4377852919092093,0.5178711275005237
MN20,1,Growing Market,0.5016186148221246,0.0137362637362637,0.4482975939876025,3.0,0.5155440414507773,0.3316062176165803,4.46242774566474,1.0,0.5799664835238909,"MN31,SI05,QN54",52,1.0,High,Medium-High Risk,High confidence,0.4596568169934804,1.625681752091319,0.4698655574108395,0.5161345443754547
QN55,3,High Opportunity,0.6157089857730225,0.0164835164835164,0.5521372068518993,1.0,0.5474747474747474,0.2424242424242424,4.852941176470588,0.5,0.5671384770499687,"BK63,SI12,BK40",53,1.0,High,Medium-High Risk,High confidence,0.4893329693253629,1.9528777308510705,0.5259413533693115,0.5074216396367084
SI12,3,High Opportunity,0.6186121885355698,0.0196078431372549,0.5395731704342263,1.0,0.5465116279069767,0.1162790697674418,4.3,0.5,0.5632741435879184,"QN55,BK40,BK63",54,0.9999999999999999,High,Medium-High Risk,High confidence,0.46518707755706096,1.9528777308510705,0.4803154890425544,0.5017797121878396
BX14,1,Growing Market,0.4468517887148048,0.0,0.4602718398922722,0.0,0.4927536231884058,0.3188405797101449,3.136363636363636,1.0,0.5628494514428308,"QN02,SI08,QN18",55,1.0000000000000002,High,Medium-High Risk,High confidence,0.4426794593010697,1.9528777308510705,0.4377852919092093,0.4993666466954774
BK88,3,High Opportunity,0.5661838287425303,0.0,0.5831877126912384,0.0,0.5619469026548672,0.2566371681415929,4.185185185185185,0.5,0.5597486165735075,"MN35,BK96,QN34",56,1.0,High,Medium-High Risk,High confidence,0.4409709050573433,1.9528777308510705,0.4345568228649845,0.4964619434232879
BK42,2,Established Hub,0.6235154717115564,0.0779816513761468,0.2540102821747695,3.0,0.5322812051649928,0.2553802008608321,5.125,1.0,0.5510103015545305,"QN70,BK41,QN35",57,1.0000000000000002,High,High Risk,High confidence,0.4538929825393623,3.3548216005779485,0.4589742666136732,0.4898552179908193
QN70,2,Established Hub,0.5627860754843091,0.0631364562118126,0.2653636915937207,5.0,0.516548463356974,0.3156028368794326,4.2727272727272725,1.0,0.531259906831212,"BK42,BK41,BK46",58,1.0000000000000002,High,High Risk,High confidence,0.6375579487590979,5.125751378329545,0.8060259684406871,0.4879687096828038
MN13,1,Growing Market,0.4384712649320295,0.0142045454545454,0.3809224389491598,4.0,0.5311387900355872,0.344306049822064,4.14760147601476,1.0,0.5277574815524757,"MN11,BK32,MN19",59,1.0,High,Medium-High Risk,High confidence,0.6691049711018056,2.401730103514545,0.8656369438866677,0.4874258010623791
BK09,1,Growing Market,0.5054784688181406,0.0223880597014925,0.4092004878866897,1.0,0.0,0.0,1.0,0.5,0.4658715826819322,"BK26,MN28,SI54",60,1.8152015373361555e-92,Low,Medium-Low Risk,Low confidence,0.4225835716050759,1.9528777308510705,0.39981227959136106,0.484497700628822
MN11,1,Growing Market,0.4537345570764828,0.018348623853211,0.3760128715897188,2.0,0.5241635687732342,0.2193308550185873,4.846846846846847,1.0,0.5318989714664806,"MN13,QN15,MN19",61,1.0,High,Medium-High Risk,High confidence,0.511784070179657,1.9528777308510705,0.568364755718406,0.47781069921018404
QN18,1,Growing Market,0.4115895367066903,0.0,0.4239505762867269,0.0,0.4887892376681614,0.3811659192825112,4.2075471698113205,1.0,0.534216045197367,"SI08,QN07,BX41",62,1.0,High,Medium-High Risk,High confidence,0.4426794593010697,1.9528777308510705,0.4377852919092093,0.4739627522373535
MN35,3,High Opportunity,0.5486498356253705,0.0,0.5651271309133185,0.0,0.5544871794871795,0.3237179487179487,3.627906976744186,0.5,0.5455107866154756,"BK88,BK96,SI45",63,0.9999999999999999,High,Medium-High Risk,High confidence,0.3279379541525058,1.9528777308510705,0.2209707548114794,0.47393023269663354
QN07,1,Growing Market,0.4070281313724342,0.0,0.4192521808036725,0.0,0.4406779661016949,0.3220338983050847,3.2777777777777777,1.0,0.5305121248704427,"QN18,BX41,SI08",64,1.0000000000000004,High,Medium-High Risk,High confidence,0.4426794593010697,1.9528777308510705,0.4377852919092093,0.47067659060293776
BX26,1,Growing Market,0.4269794082961786,0.0,0.4398026433279546,0.0,0.0,0.0,1.0,0.5,0.4467128206496533,"QN29,SI54,SI45",65,7.393679397944859e-97,Low,Medium-Low Risk,Low confidence,0.4426794593010697,1.9528777308510705,0.4377852919092093,0.46626925090842275
BX41,1,Growing Market,0.4007491603265086,0.0,0.4127846369134476,0.0,0.4926829268292683,0.3219512195121951,4.456521739130435,1.0,0.5254135188959825,"QN07,QN18,SI08",66,1.0,High,Medium-High Risk,High confidence,0.4426794593010697,1.9528777308510705,0.4377852919092093,0.4661530474747336
BK32,1,Growing Market,0.434260473545537,0.0088105726872246,0.40343902746904,1.0,0.5056818181818182,0.4090909090909091,3.2,1.0,0.5350798004058308,"MN17,MN13,QN18",67,1.0,High,Medium-High Risk,High confidence,0.3399424132148836,1.9528777308510705,0.2436542748798987,0.46589966121047105
QN15,1,Growing Market,0.4522889475378979,0.0232558139534883,0.3500934493129167,1.0,0.5340909090909091,0.3181818181818182,3.52,1.0,0.5209529587403259,"MN11,BK23,MN13",68,0.9999999999999999,High,Medium-High Risk,High confidence,0.4426794593010697,1.9528777308510705,0.4377852919092093,0.4621955860938905
BK26,1,Growing Market,0.4897039143106066,0.0277777777777777,0.3661195266352021,1.0,0.0,0.0,1.0,0.5,0.4423293763783235,"MN28,QN68,BK09",69,2.2445369147117643e-93,Low,Medium-Low Risk,Low confidence,0.4426794593010697,1.9528777308510705,0.4377852919092093,0.46169390589410375
BK41,2,Established Hub,0.7343156876646747,0.2068965517241379,0.0,5.0,0.5,0.2355072463768115,4.6,1.0,0.4937262750658699,"QN35,BK42,BK19",70,1.0,High,High Risk,High confidence,0.7402119157798528,3.026846616673284,1.0,0.4616340671865884
MN17,1,Growing Market,0.4072665141130224,0.0044943820224719,0.397122486156227,2.0,0.5156537753222836,0.3760589318600368,3.6590296495956873,1.0,0.5217556001076997,"BX41,QN07,QN18",71,1.0,High,Medium-High Risk,High confidence,0.4116869718485498,1.9737542796076817,0.3792221607055098,0.46031046940435333
SI45,1,Growing Market,0.5117673598336305,0.0,0.5271369842446185,0.0,0.5573770491803278,0.3005464480874317,3.452830188679245,0.5,0.5155617376312996,"BK28,MN35,BK88",72,1.0000000000000002,High,Medium-High Risk,High confidence,0.4426794593010697,1.9528777308510705,0.4377852919092093,0.4574124313801264
MN19,1,Growing Market,0.4093632757535468,0.0149006622516556,0.3474746551112651,3.0,0.4872427983539095,0.4716049382716049,3.403361344537815,1.0,0.5027351723459248,"MN12,MN13,BK37",73,1.0,High,Medium-High Risk,High confidence,0.5636549887826492,1.9528777308510705,0.6663795864562484,0.4558009552748516
BK46,1,Growing Market,0.3931259923281354,0.04,0.2057929207735544,1.0,0.0,1.0,1.0,1.0,0.439567565240676,"MN22,BK33,QN01",74,7.376291254118763e-52,Low,Low Risk,Low confidence,0.2864855806097892,1.9528777308510705,0.14264271501777462,0.4458376763346443
BK28,1,Growing Market,0.5155927563298833,0.0040816326530612,0.5107568988091693,1.0,0.5428571428571428,0.2171428571428571,4.794520547945205,0.5,0.5105398620556211,"SI45,MN35,BK88",75,1.0,High,Medium-High Risk,High confidence,0.3516498137321903,1.9528777308510705,0.2657764757390474,0.4454924889945005
MN28,1,Growing Market,0.4688689940393571,0.0273224043715847,0.3469259548091248,2.0,0.0,0.0,1.0,0.5,0.4263179795393927,"QN68,BK26,SI28",76,1.474752731135446e-94,Low,Medium-Low Risk,Low confidence,0.4426794593010697,1.9528777308510705,0.4377852919092093,0.44498155365127245
BK44,2,Established Hub,0.6496216063486949,0.0649350649350649,0.3458527498457017,2.0,0.5637860082304527,0.3004115226337449,4.2631578947368425,0.5,0.4981897424777586,"BK83,BK25,SI01",77,1.0,High,High Risk,High confidence,0.46914240601765905,1.6198967363310874,0.4877894428497987,0.44411727534401524
MN33,1,Growing Market,0.3743769874085387,0.0,0.3856204431976241,0.0,0.5011185682326622,0.3355704697986577,4.257142857142857,1.0,0.5039989722424651,"BX41,MN17,QN07",78,1.0,High,Medium-High Risk,High confidence,0.3725862749796224,1.9528777308510705,0.30533782843308044,0.44147977230204194
BK83,2,Established Hub,0.6501897994730407,0.0681818181818181,0.330274078157635,2.0,0.6039215686274509,0.2745098039215686,4.25,0.5,0.4921855510522702,"BK44,BK25,SI01",79,1.0000000000000004,High,High Risk,High confidence,0.4426794593010697,1.9528777308510705,0.4377852919092093,0.4366728039814073
QN68,1,Growing Market,0.46260332802387,0.0297029702970297,0.3286204915338771,1.0,0.0,0.0,1.0,0.5,0.4164895278230989,"MN28,BK26,SI28",80,6.306952383765576e-95,Low,Medium-Low Risk,Low confidence,0.4426794593010697,1.9528777308510705,0.4377852919092093,0.4347228267746153
SI54,1,Growing Market,0.48582441872574,0.0103092783505154,0.4490902725546151,1.0,0.5671641791044776,0.2686567164179104,2.7916666666666665,0.5,0.473965876512142,"BK28,SI45,BK68",81,0.9999999999999999,High,High Risk,High confidence,0.4426794593010697,1.9528777308510705,0.4377852919092093,0.4205080946516499
QN12,1,Growing Market,0.3369869870583846,0.0,0.3471075297677938,0.0,0.5217391304347826,0.4456521739130434,3.066666666666667,1.0,0.4736378067304714,"BK35,QN08,MN33",82,1.0,High,Medium-High Risk,High confidence,0.4426794593010697,1.9528777308510705,0.4377852919092093,0.4202170272865933
MN12,1,Growing Market,0.382142837993659,0.0144927536231884,0.3214674901740937,1.0,0.5308483290488432,0.3611825192802056,3.949238578680203,1.0,0.4814441312671011,"BK37,MN23,MN19",83,1.0,High,Medium-High Risk,High confidence,0.33295415080711044,1.7891804962929025,0.2304493158104057,0.4186581315824083
MN23,1,Growing Market,0.3493638052817926,0.012108980827447,0.2995716123786576,4.0,0.5293255131964809,0.3592375366568915,3.7472527472527473,1.0,0.4595741670641801,"MN12,MN27,BK37",84,1.0,High,Medium-High Risk,High confidence,0.5698991355900784,2.372084519621672,0.6781784712440169,0.41713027301819344
BK37,1,Growing Market,0.3833481195061672,0.0185185185185185,0.3026667383804747,2.0,0.5269645608628659,0.4175654853620955,3.605555555555555,1.0,0.4744059431546568,"MN12,MN23,QN60",85,1.0,High,Medium-High Risk,High confidence,0.34400970480527926,1.7386617125507386,0.2513397932306588,0.41338020447254864
MN27,1,Growing Market,0.3214398308056965,0.0060514372163388,0.3009664338792832,3.0,0.5329153605015674,0.2957157784743991,4.47196261682243,1.0,0.4489625058739919,"QN08,MN23,BK35",86,1.0,High,Medium-High Risk,High confidence,0.5199434437965784,1.9528777308510705,0.5837826362095997,0.403896333788156
BK35,1,Growing Market,0.3279310739992077,0.0,0.3377796455097046,0.0,0.5306859205776173,0.2707581227436823,4.196969696969697,1.0,0.4662842878035649,"QN12,QN08,MN27",87,1.0,High,Medium-High Risk,High confidence,0.25134078339289245,1.9528777308510705,0.07623341587088768,0.3993630923752563
QN08,1,Growing Market,0.3057790052253698,0.0,0.3149622959780416,0.0,0.4945054945054945,0.5054945054945055,3.5,1.0,0.4482965204813646,"BK35,QN12,MN27",88,1.0,High,Medium-High Risk,High confidence,0.4426794593010697,1.9528777308510705,0.4377852919092093,0.3977339403710294
MN22,0,Low Demand,0.3305655747326269,0.0211864406779661,0.2350167806268188,5.0,0.5160866710439921,0.319763624425476,4.039787798408488,1.0,0.4262329421437782,"QN60,MN15,QN98",89,1.0,High,Medium-High Risk,High confidence,0.6522377611426786,3.415591104180482,0.8337648125712969,0.3925051332972601
QN35,2,Established Hub,0.6798131429274609,0.1973684210526315,0.0,3.0,0.0,0.0,1.0,0.5,0.3719252571709843,"BK19,BK27,BK31",90,8.729520698347576e-83,Low,Medium-Low Risk,Low confidence,0.49118803382037635,2.9271608960276465,0.5294466668934108,0.39161671594524955
QN60,1,Growing Market,0.339968668613078,0.02,0.2506089556168711,1.0,0.4057971014492754,0.5217391304347826,2.76,1.0,0.4362310496919797,"MN22,MN15,QN98",91,1.0,High,Medium-High Risk,High confidence,0.4426794593010697,1.9528777308510705,0.4377852919092093,0.3870293129196702
MN09,1,Growing Market,0.3758177925058808,0.0155440414507772,0.3097186620253064,2.0,0.0,0.0,1.0,0.5,0.3742145818124749,"QN31,QN63,SI37",92,4.835188586746156e-100,Low,Medium-Low Risk,Low confidence,0.37188138024261314,1.9528777308510705,0.3040058655491231,0.3855909245969754
BK27,2,Established Hub,0.5755055221746207,0.1,0.0949403449114395,2.0,0.0,0.0,1.0,0.5,0.3681783468344241,"SI36,BK31,BK19",93,9.435735109644081e-89,Low,Medium-Low Risk,Low confidence,0.4400913439277306,1.5928797792558842,0.43289481190461554,0.3841165964544481
QN29,1,Growing Market,0.4173971907778272,0.0069686411149825,0.3952393372905212,2.0,0.5723684210526315,0.2582236842105263,4.825396825396825,0.5,0.4250546112273393,"BX26,SI37,MN36",94,1.0,High,Medium-High Risk,High confidence,0.46679519871155734,1.1570341883483224,0.48335418060632424,0.3787598330256704
SI01,1,Growing Market,0.5240009671855896,0.05,0.290813489497926,1.0,0.5529411764705883,0.2764705882352941,4.0476190476190474,0.5,0.4259257826734063,"SI28,QN28,BK83",95,1.0,High,High Risk,High confidence,0.4426794593010697,1.9528777308510705,0.4377852919092093,0.3778863589358389
BK38,0,Low Demand,0.2881908231190841,0.0122549019607843,0.2358349891502805,3.0,0.5222135619641465,0.367887763055339,3.7514619883040936,1.0,0.4096103249077458,"MN15,MN24,QN98",96,1.0,High,Medium-High Risk,High confidence,0.40937777931469316,1.9949118135685193,0.37485873084070703,0.3612201867269882
SI28,1,Growing Market,0.4687401480450154,0.037037037037037,0.2984290362728197,2.0,0.5384615384615384,0.2596153846153846,3.3548387096774195,0.5,0.406867673727134,"QN68,SI01,MN28",97,0.9999999999999999,High,High Risk,High confidence,0.4426794593010697,1.9528777308510705,0.4377852919092093,0.3609777807495036
BK17,1,Growing Market,0.4200914244835033,0.0482758620689655,0.1923668930042474,2.0,0.0,0.0,1.0,0.5,0.3449833269951002,"QN28,QN38,SI28",98,1.8665412482948978e-97,Low,Medium-Low Risk,Low confidence,0.4426794593010697,1.9528777308510705,0.4377852919092093,0.3600861896463362
MN15,0,Low Demand,0.2936242000201214,0.01669449081803,0.2193290942658826,4.0,0.5266781411359724,0.338209982788296,3.9794520547945207,1.0,0.4051813177144016,"QN98,BK38,MN24",99,1.0,High,Medium-High Risk,High confidence,0.4470866059632562,2.3144253783811326,0.4461129974090332,0.359768435489117
BK31,2,Established Hub,0.5973291555472796,0.0916905444126074,0.1587879380718045,3.0,0.5421487603305785,0.2661157024793388,4.879032258064516,0.5,0.4024468374476336,"BK27,SI36,BK19",100,1.0,High,High Risk,High confidence,0.4600633494298971,3.439882324463042,0.47063373752058074,0.3581792418677005
SI37,1,Growing Market,0.3967645288251262,0.0120481927710843,0.3486985282216551,1.0,0.5633802816901409,0.380281690140845,3.0869565217391304,0.5,0.3981852228187125,"QN31,MN09,QN63",101,1.0,High,Medium-High Risk,High confidence,0.4426794593010697,1.9528777308510705,0.4377852919092093,0.35327460828638363
MN99,0,Low Demand,0.1670149771113675,0.0,0.1720308450050252,0.0,0.0,1.0,1.0,1.0,0.335618328846557,"BK50,MN32,MN34",102,1.588835321303708e-48,Low,Low Risk,Low confidence,0.4426794593010697,1.9528777308510705,0.4377852919092093,0.35031120565297413
QN63,1,Growing Market,0.4002217774626737,0.0192307692307692,0.3165012203679029,1.0,0.5404858299595142,0.2874493927125506,4.704761904761905,0.5,0.3866891991322306,"MN09,BK79,SI37",103,1.0,High,Medium-High Risk,High confidence,0.4426794593010697,1.091518163450665,0.4377852919092093,0.34307520099561656
QN98,0,Low Demand,0.268190533308777,0.0163934426229508,0.1946303578636837,1.0,0.448,0.648,2.358490566037736,1.0,0.3851283564689843,"MN15,MN24,BK38",104,1.0,High,Medium-High Risk,High confidence,0.4426794593010697,1.9528777308510705,0.4377852919092093,0.34169040304517617
MN24,0,Low Demand,0.2476959685212139,0.0120918984280532,0.19493548659362,4.0,0.5262390670553936,0.3192419825072886,4.051181102362205,1.0,0.3770525820459336,"QN98,BK38,MN34",105,1.0,High,Medium-High Risk,High confidence,0.5298782728832002,1.9528777308510705,0.6025554017121265,0.3398062756925525
QN31,1,Growing Market,0.3606247088387398,0.0115384615384615,0.3140110330448863,2.0,0.5594965675057209,0.3100686498855835,4.161904761904762,0.5,0.3698542967534505,"MN09,SI37,QN63",106,1.0,High,Medium-High Risk,High confidence,0.3717575968888177,1.9528777308510705,0.3037719656144935,0.3239260184112727
QN28,1,Growing Market,0.4445734293466756,0.0526315789473684,0.1958992587484852,3.0,0.5554484088717454,0.2304725168756027,5.317948717948718,0.5,0.3561890752380643,"BK17,SI01,QN38",107,1.0,High,High Risk,High confidence,0.5539536790697501,3.1591769344441056,0.6480480771046802,0.32238106380232096
MN36,1,Growing Market,0.3356854703034515,0.0,0.3457669252842208,0.0,0.5541666666666667,0.375,4.0,0.5,0.372580958235069,"BX63,QN31,SI37",108,0.9999999999999999,High,Medium-High Risk,High confidence,0.29441897957789553,1.9528777308510705,0.1576335958037159,0.3216859729746487
MN32,0,Low Demand,0.208843504345806,0.00418410041841,0.1942850824313717,1.0,0.4829821717990275,0.3922204213938411,3.8322981366459623,1.0,0.3612514347108711,"MN34,BK50,MN99",109,1.0,High,Medium-High Risk,High confidence,0.4426794593010697,1.9528777308510705,0.4377852919092093,0.3205065175120296
BK79,1,Growing Market,0.3749520330155504,0.0227272727272727,0.2730652555465136,1.0,0.5714285714285714,0.1642857142857142,4.375,0.5,0.3592069154248256,"QN71,BK64,QN63",110,0.9999999999999998,High,Medium-High Risk,High confidence,0.4426794593010697,1.9528777308510705,0.4377852919092093,0.31869259597873223
MN21,0,Low Demand,0.2890053105958031,0.0156862745098039,0.219590883259045,3.0,0.0,0.0,1.0,0.5,0.3034384775419392,"BK78,BK90,BK73",111,1.4549149923410485e-105,Low,Medium-Low Risk,Low confidence,0.4426794593010697,1.9528777308510705,0.4377852919092093,0.3167225677886576
QN71,1,Growing Market,0.3635219820742563,0.0229885057471264,0.25999138622933,2.0,0.5490196078431373,0.2549019607843137,4.340425531914893,0.5,0.3494053473214345,"BK79,BK64,BK69",112,0.9999999999999999,High,Medium-High Risk,High confidence,0.41669935976716144,1.4980822317941729,0.388693524750464,0.30853853088466676
SI36,2,Established Hub,0.5358596828872613,0.0943396226415094,0.0822839770816796,2.0,0.5657894736842105,0.3026315789473684,3.707317073170732,0.5,0.3472574639875764,"BK27,BK19,BK31",113,1.0,High,High Risk,High confidence,0.4426794593010697,1.7480389710098678,0.4377852919092093,0.3080909022597934
BK50,0,Low Demand,0.1721897845737544,0.0,0.1773610645810762,0.0,0.5102880658436214,0.3004115226337449,4.11864406779661,1.0,0.3398203396619322,"MN99,MN32,MN34",114,1.0,High,Medium-High Risk,High confidence,0.4426794593010697,1.9528777308510705,0.4377852919092093,0.3014925981732672
BK64,1,Growing Market,0.363540173570695,0.0279720279720279,0.2351997077795469,2.0,0.5653846153846154,0.3288461538461538,3.909774436090226,0.5,0.3394959525400968,"QN71,BK79,BK69",115,0.9999999999999999,High,Medium-High Risk,High confidence,0.4426794593010697,1.9528777308510705,0.4377852919092093,0.30120479810728706
BK90,0,Low Demand,0.2620121930053556,0.0126582278481012,0.2068621968470578,3.0,0.0,0.0,1.0,0.5,0.2875497559409654,"BK78,MN21,SI22",116,2.4415810011597727e-107,Low,Medium-Low Risk,Low confidence,0.4426794593010697,1.7709567868450091,0.4377852919092093,0.3001382613252691
MN34,0,Low Demand,0.1951508786001647,0.005524861878453,0.173506265959325,1.0,0.5182481751824818,0.3065693430656934,4.151515151515151,1.0,0.3474628578237959,"MN32,MN99,BK50",117,1.0,High,Medium-High Risk,High confidence,0.27484433598008573,1.9528777308510705,0.12064552174091636,0.2989066153604845
BK19,2,Established Hub,0.5843889879714349,0.136986301369863,0.0,3.0,0.5670498084291188,0.367816091954023,3.676056338028169,0.5,0.333755595188574,"BK27,SI36,QN35",118,1.0,High,High Risk,High confidence,0.3870307237803667,2.5968691592712343,0.3326319316114405,0.2931287662169525
BX63,0,Low Demand,0.2833432952498063,0.0,0.2918527868062371,0.0,0.5384615384615384,0.2038461538461538,4.7272727272727275,0.5,0.3300784328224173,"MN36,BK77,MN01",119,1.0,High,Medium-High Risk,High confidence,0.4426794593010697,1.9528777308510705,0.4377852919092093,0.2928494639596729
SI22,0,Low Demand,0.2925534317732353,0.0116279069767441,0.243450105951794,1.0,0.6303317535545023,0.2559241706161137,3.5762711864406778,0.5,0.3144014150900117,"BK90,MN21,MN01",120,0.9999999999999997,High,High Risk,High confidence,0.4426794593010697,1.9528777308510705,0.4377852919092093,0.2789406296254672
QN50,0,Low Demand,0.271525228850661,0.0273972602739726,0.1432828047346923,2.0,0.0,0.0,1.0,0.5,0.2659232134341413,"BK73,BK69,BK78",121,9.46252755376234e-107,Low,Medium-Low Risk,Low confidence,0.4426794593010697,1.9528777308510705,0.4377852919092093,0.2775649405960114
QN38,0,Low Demand,0.3582685850719275,0.04,0.1698886603971261,1.0,0.5391304347826087,0.1739130434782608,3.8333333333333335,0.5,0.3112628981876214,"BK17,BK64,QN50",122,1.0,High,High Risk,High confidence,0.27719843612187445,1.9528777308510705,0.12509380862596955,0.26788311368002915
BK69,0,Low Demand,0.30166549539187,0.0205479452054794,0.2084275046979901,2.0,0.5850746268656717,0.244776119402985,4.407894736842105,0.5,0.304037200035944,"BK73,MN21,BK78",123,1.0,High,Medium-High Risk,High confidence,0.3495044902438047,1.7853959061566351,0.26172269137865434,0.26519536194372656
QN01,0,Low Demand,0.1995922984637726,0.0344827586206896,0.0339144689796502,1.0,0.4354066985645933,0.5406698564593302,2.2967032967032965,1.0,0.2934027069773691,"BK33,QN76,MN04",124,1.0,High,Medium-High Risk,High confidence,0.4426794593010697,1.9528777308510705,0.4377852919092093,0.2603103290570521
BK73,0,Low Demand,0.2850131098512346,0.0197841726618705,0.1950774414074413,2.0,0.5579641847313855,0.35626767200754,3.696864111498258,0.5,0.2920362205034704,"BK69,MN21,BK78",125,1.0,High,Medium-High Risk,High confidence,0.4095634715012779,2.423108013813108,0.3752096131602732,0.2575446452004809
MN01,0,Low Demand,0.2462639246907644,0.0071428571428571,0.2180991882503054,1.0,0.538135593220339,0.3644067796610169,4.034188034188034,0.5,0.2857452451764279,"BK77,BK90,SI22",126,0.9999999999999999,High,Medium-High Risk,High confidence,0.4426794593010697,1.9528777308510705,0.4377852919092093,0.2535165389735184
BK33,0,Low Demand,0.2002854448189503,0.0355555555555555,0.0292875232464763,2.0,0.5016835016835017,0.3468013468013468,3.9078947368421058,1.0,0.2918291872261707,"QN01,QN76,MN04",127,1.0000000000000004,High,Medium-High Risk,High confidence,0.28649471028984935,1.9528777308510705,0.14265996638077125,0.2515935582155272
BK77,0,Low Demand,0.2418212387009805,0.0060975609756097,0.2187270742104209,2.0,0.5817805383022774,0.3126293995859213,3.864,0.5,0.2842193251645606,"MN01,QN03,BK90",128,1.0000000000000002,High,Medium-High Risk,High confidence,0.4021916345766791,1.9528777308510705,0.36127985506360727,0.2503144573010235
QN03,0,Low Demand,0.1721051835726808,0.0,0.1772739228052027,0.0,0.0,0.0,1.0,0.5,0.2397516425511534,"BK30,BX36,QN19",129,1.7604439634098518e-113,Low,Medium-Low Risk,Low confidence,0.4426794593010697,1.9528777308510705,0.4377852919092093,0.2502476168331503
QN57,0,Low Demand,0.0914083106634351,0.0,0.0941535256052333,0.0,0.4823529411764706,0.4941176470588235,3.269230769230769,1.0,0.2742247345074673,"BK91,BK82,MN99",130,1.0,High,Medium-High Risk,High confidence,0.4426794593010697,1.9528777308510705,0.4377852919092093,0.24329540654417875
BK82,0,Low Demand,0.1204845057724431,0.0074074074074074,0.0872252451325592,1.0,0.4921052631578947,0.4078947368421052,4.222222222222222,1.0,0.2830839003620009,"BK91,QN57,MN04",131,0.9999999999999998,High,Medium-High Risk,High confidence,0.25270617518246963,1.9528777308510705,0.07881344816548688,0.24251773486385222
BK78,0,Low Demand,0.2608559010885391,0.015,0.1940126890796004,1.0,0.5528846153846154,0.2548076923076923,4.622222222222222,0.5,0.2819474360672558,"BK90,MN21,BK73",132,1.0,High,Medium-High Risk,High confidence,0.26792259941772706,1.9528777308510705,0.1075662693227341,0.24223320353381095
MN04,0,Low Demand,0.1287022875154206,0.015625,0.0547786232095816,1.0,0.4852941176470588,0.2549019607843137,3.923076923076923,1.0,0.2733923642900009,"QN76,BK82,BK91",133,0.9999999999999998,High,Medium-High Risk,High confidence,0.2855392555387163,1.9528777308510705,0.14085454750190504,0.23565673705631704
QN76,0,Low Demand,0.1204845057724431,0.0192307692307692,0.0283627548206999,1.0,0.5,0.2333333333333333,3.3333333333333335,1.0,0.2595389042372572,"MN04,BK82,QN01",134,1.0000000000000002,High,Medium-High Risk,High confidence,0.27936623737527144,1.9528777308510705,0.12919006677306805,0.22345810571300131
BK30,0,Low Demand,0.1602898763778846,0.0,0.165103773062528,0.0,0.5911949685534591,0.1949685534591195,4.676470588235294,0.5,0.230157459776165,"QN03,BX36,QN19",135,1.0000000000000002,High,Medium-High Risk,High confidence,0.4426794593010697,1.9528777308510705,0.4377852919092093,0.20419840262036146
BK91,0,Low Demand,0.0287653767310773,0.0,0.0296292712876605,0.0,0.5065502183406113,0.2401746724890829,4.673469387755102,1.0,0.2233578592074951,"QN57,BK82,MN99",136,1.0,High,Medium-High Risk,High confidence,0.4426794593010697,1.9528777308510705,0.4377852919092093,0.19816571710180722
QN19,0,Low Demand,0.1027887432597354,0.0,0.1058757404025254,0.0,0.0,0.0,1.0,0.5,0.1834657934649043,"MN06,QN62,BX36",137,1.6429697143379558e-118,Low,Medium-Low Risk,Low confidence,0.4426794593010697,1.9528777308510705,0.4377852919092093,0.19149765605964308
MN06,0,Low Demand,0.1007484989365238,0.0,0.1037742225565854,0.0,0.0,0.0,1.0,0.5,0.1818090885972436,"QN19,QN62,BX36",138,1.1595244959951558e-118,Low,Medium-Low Risk,Low confidence,0.4426794593010697,1.9528777308510705,0.4377852919092093,0.18976842308957276
QN62,0,Low Demand,0.0914083106634351,0.0,0.0941535256052333,0.0,0.0,0.0,1.0,0.5,0.1742247345074673,"MN06,SI24,QN19",139,2.338828215462116e-119,Low,Medium-Low Risk,Low confidence,0.4426794593010697,1.9528777308510705,0.4377852919092093,0.18185203713288292
SI24,0,Low Demand,0.0801478324168968,0.0,0.0825548676799565,0.0,0.0,0.0,1.0,0.5,0.1650810800387413,"QN62,MN06,QN19",140,3.35371893315405e-120,Low,Medium-Low Risk,Low confidence,0.4426794593010697,1.9528777308510705,0.4377852919092093,0.1723080869200861
BX36,0,Low Demand,0.1152037606375176,0.0,0.1186636110904805,0.0,0.5473251028806584,0.1975308641975308,5.0625,0.5,0.1935469486911992,"QN19,MN06,QN62",141,1.0,High,Medium-High Risk,High confidence,0.4426794593010697,1.9528777308510705,0.4377852919092093,0.17171712701914696
BK76,0,Low Demand,0.1008806077800696,0.0033112582781456,0.0874252322480616,1.0,0.5756929637526652,0.302771855010661,3.423357664233577,0.5,0.1753223360112525,"SI24,QN62,MN06",142,0.9999999999999997,High,Medium-High Risk,High confidence,0.25236702312290205,1.9528777308510705,0.07817258942212563,0.15018894469367516
BK95,0,Low Demand,0.0390583207204534,0.0,0.0402313375376893,0.0,0.0,0.0,1.0,0.5,0.131715863303257,"SI24,BK76,BK34",143,2.5771525846798136e-123,Low,Medium-Low Risk,Low confidence,0.4426794593010697,1.9528777308510705,0.4377852919092093,0.137482190069786
BK34,0,Low Demand,0.0,0.0027855153203342,0.0,1.0,0.5723771580345286,0.3173970783532536,4.3028571428571425,0.5,0.1,"BK95,BK76,SI24",144,1.0,High,Medium-High Risk,High confidence,0.2109969162485078,1.9528777308510705,0.0,0.085
