nta_id,cluster_id,market_type,demand_score,halal_supply_rate,gap_score,halal_cuisine_diversity,total_restaurants,halal_restaurants
BK30,0,Low Demand,0.1602898763778846,0.0,0.165103773062528,0.0,,
BK33,0,Low Demand,0.2002854448189503,0.0355555555555555,0.0292875232464763,2.0,,
BK34,0,Low Demand,0.0,0.0027855153203342,0.0,1.0,,
BK38,0,Low Demand,0.2881908231190841,0.0122549019607843,0.2358349891502805,3.0,,
BK50,0,Low Demand,0.1721897845737544,0.0,0.1773610645810762,0.0,,
BK69,0,Low Demand,0.30166549539187,0.0205479452054794,0.2084275046979901,2.0,,
BK73,0,Low Demand,0.2850131098512346,0.0197841726618705,0.1950774414074413,2.0,,
BK76,0,Low Demand,0.1008806077800696,0.0033112582781456,0.0874252322480616,1.0,,
BK77,0,Low Demand,0.2418212387009805,0.0060975609756097,0.2187270742104209,2.0,,
BK78,0,Low Demand,0.2608559010885391,0.015,0.1940126890796004,1.0,,
BK82,0,Low Demand,0.1204845057724431,0.0074074074074074,0.0872252451325592,1.0,,
BK90,0,Low Demand,0.2620121930053556,0.0126582278481012,0.2068621968470578,3.0,,
BK91,0,Low Demand,0.0287653767310773,0.0,0.0296292712876605,0.0,,
BK95,0,Low Demand,0.0390583207204534,0.0,0.0402313375376893,0.0,,
BX36,0,Low Demand,0.1152037606375176,0.0,0.1186636110904805,0.0,,
BX63,0,Low Demand,0.2833432952498063,0.0,0.2918527868062371,0.0,,
MN01,0,Low Demand,0.2462639246907644,0.0071428571428571,0.2180991882503054,1.0,,
MN04,0,Low Demand,0.1287022875154206,0.015625,0.0547786232095816,1.0,,
MN06,0,Low Demand,0.1007484989365238,0.0,0.1037742225565854,0.0,,
MN15,0,Low Demand,0.2936242000201214,0.01669449081803,0.2193290942658826,4.0,,
MN21,0,Low Demand,0.2890053105958031,0.0156862745098039,0.219590883259045,3.0,,
MN22,0,Low Demand,0.3305655747326269,0.0211864406779661,0.2350167806268188,5.0,,
MN24,0,Low Demand,0.2476959685212139,0.0120918984280532,0.19493548659362,4.0,,
MN32,0,Low Demand,0.208843504345806,0.00418410041841,0.1942850824313717,1.0,,
MN34,0,Low Demand,0.1951508786001647,0.005524861878453,0.173506265959325,1.0,,
MN99,0,Low Demand,0.1670149771113675,0.0,0.1720308450050252,0.0,,
QN01,0,Low Demand,0.1995922984637726,0.0344827586206896,0.0339144689796502,1.0,,
QN03,0,Low Demand,0.1721051835726808,0.0,0.1772739228052027,0.0,,
QN19,0,Low Demand,0.1027887432597354,0.0,0.1058757404025254,0.0,,
QN38,0,Low Demand,0.3582685850719275,0.04,0.1698886603971261,1.0,,
QN50,0,Low Demand,0.271525228850661,0.0273972602739726,0.1432828047346923,2.0,,
QN57,0,Low Demand,0.0914083106634351,0.0,0.0941535256052333,0.0,,
QN62,0,Low Demand,0.0914083106634351,0.0,0.0941535256052333,0.0,,
QN76,0,Low Demand,0.1204845057724431,0.0192307692307692,0.0283627548206999,1.0,,
QN98,0,Low Demand,0.268190533308777,0.0163934426229508,0.1946303578636837,1.0,,
SI22,0,Low Demand,0.2925534317732353,0.0116279069767441,0.243450105951794,1.0,,
SI24,0,Low Demand,0.0801478324168968,0.0,0.0825548676799565,0.0,,
BK09,1,Growing Market,0.5054784688181406,0.0223880597014925,0.4092004878866897,1.0,,
BK17,1,Growing Market,0.4200914244835033,0.0482758620689655,0.1923668930042474,2.0,,
BK21,1,Growing Market,0.5450932449647148,0.0108695652173913,0.5073497038347308,1.0,,
BK23,1,Growing Market,0.4897039143106066,0.0285714285714285,0.3621683439808776,1.0,,
BK26,1,Growing Market,0.4897039143106066,0.0277777777777777,0.3661195266352021,1.0,,
BK28,1,Growing Market,0.5155927563298833,0.0040816326530612,0.5107568988091693,1.0,,
BK29,1,Growing Market,0.5655604401370483,0.0144927536231884,0.5103935711236037,1.0,,
BK32,1,Growing Market,0.434260473545537,0.0088105726872246,0.40343902746904,1.0,,
BK35,1,Growing Market,0.3279310739992077,0.0,0.3377796455097046,0.0,,
BK37,1,Growing Market,0.3833481195061672,0.0185185185185185,0.3026667383804747,2.0,,
BK43,1,Growing Market,0.5621855657050568,0.0229885057471264,0.4646213227466039,1.0,,
BK46,1,Growing Market,0.3931259923281354,0.04,0.2057929207735544,1.0,,
BK61,1,Growing Market,0.5441965409865992,0.0139372822299651,0.4911534707318387,2.0,,
BK64,1,Growing Market,0.363540173570695,0.0279720279720279,0.2351997077795469,2.0,,
BK68,1,Growing Market,0.555047553291498,0.0132450331125827,0.5057767208610369,2.0,,
BK79,1,Growing Market,0.3749520330155504,0.0227272727272727,0.2730652555465136,1.0,,
BX14,1,Growing Market,0.4468517887148048,0.0,0.4602718398922722,0.0,,
BX26,1,Growing Market,0.4269794082961786,0.0,0.4398026433279546,0.0,,
BX41,1,Growing Market,0.4007491603265086,0.0,0.4127846369134476,0.0,,
MN09,1,Growing Market,0.3758177925058808,0.0155440414507772,0.3097186620253064,2.0,,
MN11,1,Growing Market,0.4537345570764828,0.018348623853211,0.3760128715897188,2.0,,
MN12,1,Growing Market,0.382142837993659,0.0144927536231884,0.3214674901740937,1.0,,
MN13,1,Growing Market,0.4384712649320295,0.0142045454545454,0.3809224389491598,4.0,,
MN17,1,Growing Market,0.4072665141130224,0.0044943820224719,0.397122486156227,2.0,,
MN19,1,Growing Market,0.4093632757535468,0.0149006622516556,0.3474746551112651,3.0,,
MN20,1,Growing Market,0.5016186148221246,0.0137362637362637,0.4482975939876025,3.0,,
MN23,1,Growing Market,0.3493638052817926,0.012108980827447,0.2995716123786576,4.0,,
MN25,1,Growing Market,0.5126398568370276,0.0066666666666666,0.4948457501688048,3.0,,
MN27,1,Growing Market,0.3214398308056965,0.0060514372163388,0.3009664338792832,3.0,,
MN28,1,Growing Market,0.4688689940393571,0.0273224043715847,0.3469259548091248,2.0,,
MN31,1,Growing Market,0.5245556372467512,0.0161290322580645,0.4600110967426297,3.0,,
MN33,1,Growing Market,0.3743769874085387,0.0,0.3856204431976241,0.0,,
MN36,1,Growing Market,0.3356854703034515,0.0,0.3457669252842208,0.0,,
MN40,1,Growing Market,0.5229634271147341,0.0058479532163742,0.5095553193328517,2.0,,
QN02,1,Growing Market,0.4725372074013947,0.0,0.4867286544689403,0.0,,
QN06,1,Growing Market,0.6300463019788602,0.037037037037037,0.4645796081897695,2.0,,
QN07,1,Growing Market,0.4070281313724342,0.0,0.4192521808036725,0.0,,
QN08,1,Growing Market,0.3057790052253698,0.0,0.3149622959780416,0.0,,
QN12,1,Growing Market,0.3369869870583846,0.0,0.3471075297677938,0.0,,
QN15,1,Growing Market,0.4522889475378979,0.0232558139534883,0.3500934493129167,1.0,,
QN18,1,Growing Market,0.4115895367066903,0.0,0.4239505762867269,0.0,,
QN21,1,Growing Market,0.5078752522766636,0.0,0.5231279871866541,0.0,,
QN28,1,Growing Market,0.4445734293466756,0.0526315789473684,0.1958992587484852,3.0,,
QN29,1,Growing Market,0.4173971907778272,0.0069686411149825,0.3952393372905212,2.0,,
QN31,1,Growing Market,0.3606247088387398,0.0115384615384615,0.3140110330448863,2.0,,
QN41,1,Growing Market,0.5519111048115137,0.0151515151515151,0.4930546751273316,1.0,,
QN42,1,Growing Market,0.5344719931130613,0.0,0.5505234931442675,0.0,,
QN54,1,Growing Market,0.4911826430544718,0.0069444444444444,0.4713612098928011,1.0,,
QN60,1,Growing Market,0.339968668613078,0.02,0.2506089556168711,1.0,,
QN63,1,Growing Market,0.4002217774626737,0.0192307692307692,0.3165012203679029,1.0,,
QN68,1,Growing Market,0.46260332802387,0.0297029702970297,0.3286204915338771,1.0,,
QN71,1,Growing Market,0.3635219820742563,0.0229885057471264,0.25999138622933,2.0,,
SI01,1,Growing Market,0.5240009671855896,0.05,0.290813489497926,1.0,,
SI05,1,Growing Market,0.5240009671855896,0.0117647058823529,0.4811675244327339,1.0,,
SI08,1,Growing Market,0.4150582761759843,0.0,0.4275234904787698,0.0,,
SI11,1,Growing Market,0.5240009671855896,0.0,0.5397379967203672,0.0,,
SI28,1,Growing Market,0.4687401480450154,0.037037037037037,0.2984290362728197,2.0,,
SI37,1,Growing Market,0.3967645288251262,0.0120481927710843,0.3486985282216551,1.0,,
SI45,1,Growing Market,0.5117673598336305,0.0,0.5271369842446185,0.0,,
SI54,1,Growing Market,0.48582441872574,0.0103092783505154,0.4490902725546151,1.0,,
BK19,2,Established Hub,0.5843889879714349,0.136986301369863,0.0,3.0,,
BK25,2,Established Hub,0.7323017108379446,0.0687022900763358,0.4122608466786669,2.0,,
BK27,2,Established Hub,0.5755055221746207,0.1,0.0949403449114395,2.0,,
BK31,2,Established Hub,0.5973291555472796,0.0916905444126074,0.1587879380718045,3.0,,
BK41,2,Established Hub,0.7343156876646747,0.2068965517241379,0.0,5.0,,
BK42,2,Established Hub,0.6235154717115564,0.0779816513761468,0.2540102821747695,3.0,,
BK44,2,Established Hub,0.6496216063486949,0.0649350649350649,0.3458527498457017,2.0,,
BK83,2,Established Hub,0.6501897994730407,0.0681818181818181,0.330274078157635,2.0,,
QN35,2,Established Hub,0.6798131429274609,0.1973684210526315,0.0,3.0,,
QN44,2,Established Hub,1.0,0.0909090909090909,0.5774424305473553,3.0,,
QN70,2,Established Hub,0.5627860754843091,0.0631364562118126,0.2653636915937207,5.0,,
SI36,2,Established Hub,0.5358596828872613,0.0943396226415094,0.0822839770816796,2.0,,
BK40,3,High Opportunity,0.585799918117326,0.0151515151515151,0.5279612523101012,1.0,,
BK45,3,High Opportunity,0.6515415892594641,0.0103092783505154,0.6197843346790475,1.0,,
BK58,3,High Opportunity,0.9859925440308868,0.0098039215686274,0.9667955826711128,1.0,,
BK60,3,High Opportunity,0.6721542150491813,0.0157894736842105,0.6137329095334166,1.0,,
BK63,3,High Opportunity,0.603752136329701,0.0136986301369863,0.5536857932307029,1.0,,
BK72,3,High Opportunity,0.7457457386059689,0.0,0.7681423054995564,0.0,,
BK75,3,High Opportunity,0.6719654258423496,0.0103092783505154,0.6408215489838189,2.0,,
BK81,3,High Opportunity,0.7893741344382782,0.0108695652173913,0.7589669453632811,1.0,,
BK85,3,High Opportunity,0.685775417508912,0.0,0.7063709291117366,0.0,,
BK88,3,High Opportunity,0.5661838287425303,0.0,0.5831877126912384,0.0,,
BK96,3,High Opportunity,0.5887107473149187,0.0,0.606391169676915,0.0,,
BX29,3,High Opportunity,0.6614065845652585,0.0,0.6812702405651782,0.0,,
BX34,3,High Opportunity,0.6110821705222498,0.0101010101010101,0.579146682154884,1.0,,
BX39,3,High Opportunity,0.6024139696977044,0.0074074074074074,0.5836282285404386,1.0,,
MN03,3,High Opportunity,0.5981939239833748,0.0,0.6161591493145652,0.0,,
MN14,3,High Opportunity,0.5860237908880146,0.0,0.6036235173824518,0.0,,
MN35,3,High Opportunity,0.5486498356253705,0.0,0.5651271309133185,0.0,,
QN05,3,High Opportunity,0.7265492444397526,0.0277777777777777,0.6100779008021014,1.0,,
QN17,3,High Opportunity,0.6348557294692178,0.0084033613445378,0.6120859467748109,2.0,,
QN20,3,High Opportunity,0.5892112066987043,0.0036363636363636,0.5888030585536894,1.0,,
QN25,3,High Opportunity,0.9057022580502508,0.0,0.932902710105148,0.0,,
QN30,3,High Opportunity,0.7675582344155445,0.0,0.7906098838610329,0.0,,
QN33,3,High Opportunity,0.9708432060918426,0.0,1.0,0.0,,
QN34,3,High Opportunity,0.6172964547465084,0.0,0.6358353757569702,0.0,,
QN37,3,High Opportunity,0.8089926148675539,0.0204081632653061,0.7316868003277153,1.0,,
QN43,3,High Opportunity,0.8299989883380211,0.024390243902439,0.7334992973199691,1.0,,
QN53,3,High Opportunity,0.6843153921697094,0.0277777777777777,0.5665756627424081,2.0,,
QN55,3,High Opportunity,0.6157089857730225,0.0164835164835164,0.5521372068518993,1.0,,
QN56,3,High Opportunity,0.6755680323640616,0.0357142857142857,0.5180537718028121,1.0,,
QN61,3,High Opportunity,0.6837313820340283,0.0352422907488986,0.5288121090953835,2.0,,
QN72,3,High Opportunity,0.692332552445114,0.0227272727272727,0.5999774875506784,3.0,,
SI07,3,High Opportunity,0.7288956249858847,0.0217391304347826,0.6425580951727384,2.0,,
SI12,3,High Opportunity,0.6186121885355698,0.0196078431372549,0.5395731704342263,1.0,,
SI14,3,High Opportunity,0.7893741344382782,0.0,0.8130809686725075,0.0,,
SI35,3,High Opportunity,0.7067227056690274,0.0,0.7279473155237498,0.0,,
