nta_id,cluster_id,market_type,demand_score,halal_supply_rate,gap_score,halal_cuisine_diversity,critical_rate,grade_a_rate,inspection_frequency,viability_score,risk_bucket,final_score,similar_ntas,rank
QN33,3,High Opportunity,0.9708432060918426,0.0,1.0,0.0,0.4567901234567901,0.3333333333333333,4.5,1.0,Low,0.9883372824367371,"BK58,BK81,QN37",1
BK58,3,High Opportunity,0.9859925440308868,0.0098039215686274,0.9667955826711128,1.0,0.5362318840579711,0.24057971014492754,4.2592592592592595,1.0,Low,0.9811152506807999,"QN33,BK81,QN37",2
QN25,3,High Opportunity,0.9057022580502508,0.0,0.932902710105148,0.0,0.0,0.0,1.0,0.5,Medium,0.8354419872621596,"SI14,QN30,BK72",3
QN44,2,Established Hub,1.0,0.0909090909090909,0.5774424305473553,3.0,0.38333333333333336,0.4166666666666667,2.857142857142857,1.0,Low,0.8309769722189422,"QN56,QN61,QN05",4
BK81,3,High Opportunity,0.7893741344382782,0.0108695652173913,0.7589669453632811,1.0,0.5018450184501845,0.3247232472324723,5.113207547169812,1.0,Low,0.8193364319206238,"QN37,BK58,QN33",5
QN37,3,High Opportunity,0.8089926148675539,0.0204081632653061,0.7316868003277153,1.0,0.4788732394366197,0.2112676056338028,2.84,1.0,Low,0.8162717660781078,"BK81,BK58,QN72",6
SI14,3,High Opportunity,0.7893741344382782,0.0,0.8130809686725075,0.0,0.0,0.0,1.0,0.5,Medium,0.7409820412443143,"QN30,BK72,QN25",7
QN05,3,High Opportunity,0.7265492444397526,0.0277777777777777,0.6100779008021014,1.0,0.4827586206896552,0.3620689655172414,3.2222222222222223,1.0,Low,0.7346508580967417,"QN72,QN37,QN61",8
QN43,3,High Opportunity,0.8299989883380211,0.024390243902439,0.7334992973199691,1.0,0.5714285714285714,0.3469387755102041,3.2666666666666666,0.5,Medium,0.7253993142631961,"SI07,QN53,QN25",9
QN30,3,High Opportunity,0.7675582344155445,0.0,0.7906098838610329,0.0,0.5490196078431373,0.2679738562091503,3.923076923076923,0.5,Medium,0.7232672473106311,"SI14,BK72,SI35",10
QN72,3,High Opportunity,0.692332552445114,0.0227272727272727,0.5999774875506784,3.0,0.5225563909774437,0.3157894736842105,3.8550724637681157,1.0,Low,0.716924015998317,"QN05,BK60,QN37",11
BK60,3,High Opportunity,0.6721542150491813,0.0157894736842105,0.6137329095334166,1.0,0.506631299734748,0.2864721485411141,4.383720930232558,1.0,Low,0.7143548498330392,"QN72,QN17,BX34",12
BK72,3,High Opportunity,0.7457457386059689,0.0,0.7681423054995564,0.0,0.0,0.0,1.0,0.5,Medium,0.7055552176422101,"QN30,SI14,SI35",13
QN17,3,High Opportunity,0.6348557294692178,0.0084033613445378,0.6120859467748109,2.0,0.5236051502145923,0.2918454935622318,4.438095238095238,1.0,Low,0.6987766704976115,"BX34,BX39,QN20",14
MN03,3,High Opportunity,0.5981939239833748,0.0,0.6161591493145652,0.0,0.48717948717948717,0.4188034188034188,3.342857142857143,1.0,Low,0.685741229319176,"MN14,QN20,BX39",15
QN61,3,High Opportunity,0.6837313820340283,0.0352422907488986,0.5288121090953835,2.0,0.5073891625615764,0.2939244663382594,4.7578125,1.0,Low,0.6850173964517647,"QN56,QN05,QN72",16
QN56,3,High Opportunity,0.6755680323640616,0.0357142857142857,0.5180537718028121,1.0,0.5285714285714286,0.2785714285714286,4.375,1.0,Low,0.6774487216667495,"QN61,QN05,QN72",17
BX34,3,High Opportunity,0.6110821705222498,0.0101010101010101,0.579146682154884,1.0,0.44902912621359226,0.4830097087378641,2.9014084507042255,1.0,Low,0.6760915410708535,"BX39,QN17,QN20",18
MN14,3,High Opportunity,0.5860237908880146,0.0,0.6036235173824518,0.0,0.47249190938511326,0.343042071197411,3.5930232558139537,1.0,Low,0.6758589233081866,"MN03,QN20,BX39",19
BX39,3,High Opportunity,0.6024139696977044,0.0074074074074074,0.5836282285404386,1.0,0.5247524752475248,0.26732673267326734,4.590909090909091,1.0,Low,0.6744168792952572,"BX34,QN20,QN17",20
SI35,3,High Opportunity,0.7067227056690274,0.0,0.7279473155237498,0.0,0.0,0.0,1.0,0.5,Medium,0.6738680084771108,"BK85,BK72,BX29",21
QN20,3,High Opportunity,0.5892112066987043,0.0036363636363636,0.5888030585536894,1.0,0.5294117647058824,0.33206831119544594,3.6597222222222223,1.0,Low,0.6712057061009575,"MN14,MN03,BX39",22
BK85,3,High Opportunity,0.685775417508912,0.0,0.7063709291117366,0.0,0.0,0.0,1.0,0.5,Medium,0.6568585386482594,"SI35,BX29,BK72",23
SI07,3,High Opportunity,0.7288956249858847,0.0217391304347826,0.6425580951727384,2.0,0.0,0.0,1.0,0.5,Medium,0.6485814880634492,"QN43,QN53,BK75",24
BX29,3,High Opportunity,0.6614065845652585,0.0,0.6812702405651782,0.0,0.5578512396694215,0.33884297520661155,3.611940298507463,0.5,Medium,0.6370707300521746,"BK85,SI35,QN34",25
QN42,1,Growing Market,0.5344719931130613,0.0,0.5505234931442675,0.0,0.5161290322580645,0.3548387096774194,3.576923076923077,1.0,Low,0.6339981945029316,"SI11,QN21,MN40",26
BK29,1,Growing Market,0.5655604401370483,0.0144927536231884,0.5103935711236037,1.0,0.5191082802547771,0.34394904458598724,3.925,1.0,Low,0.630381604504261,"QN41,BK61,BK21",27
SI11,1,Growing Market,0.5240009671855896,0.0,0.5397379967203672,0.0,0.5214285714285715,0.34285714285714286,3.4146341463414633,1.0,Low,0.6254955855623827,"QN42,QN21,MN40",28
BK75,3,High Opportunity,0.6719654258423496,0.0103092783505154,0.6408215489838189,2.0,0.0,0.0,1.0,0.5,Medium,0.6251147899304674,"BK45,SI35,BK85",29
BK21,1,Growing Market,0.5450932449647148,0.0108695652173913,0.5073497038347308,1.0,0.525,0.3,3.870967741935484,1.0,Low,0.6209771795197783,"BK61,SI05,BK29",30
QN41,1,Growing Market,0.5519111048115137,0.0151515151515151,0.4930546751273316,1.0,0.5348837209302325,0.4186046511627907,4.161290322580645,1.0,Low,0.6179863119755382,"BK61,BK29,BK21",31
BK61,1,Growing Market,0.5441965409865992,0.0139372822299651,0.4911534707318387,2.0,0.5069551777434312,0.29984544049459044,4.556338028169014,1.0,Low,0.6141400046873753,"QN41,BK21,BK29",32
MN40,1,Growing Market,0.5229634271147341,0.0058479532163742,0.5095553193328517,2.0,0.47058823529411764,0.2549019607843137,4.135135135135135,1.0,Low,0.6130074985790344,"MN25,SI11,QN21",33
QN21,1,Growing Market,0.5078752522766636,0.0,0.5231279871866541,0.0,0.3880597014925373,0.5522388059701493,2.9130434782608696,1.0,Low,0.6124012957853271,"SI11,QN42,MN40",34
BK43,1,Growing Market,0.5621855657050568,0.0229885057471264,0.4646213227466039,1.0,0.5348837209302325,0.23920265780730898,4.854838709677419,1.0,Low,0.6107227553806643,"QN41,MN31,BK29",35
BK45,3,High Opportunity,0.6515415892594641,0.0103092783505154,0.6197843346790475,1.0,0.0,0.0,1.0,0.5,Medium,0.6085303695754046,"BK75,BK63,BX29",36
MN25,1,Growing Market,0.5126398568370276,0.0066666666666666,0.4948457501688048,3.0,0.5369955156950673,0.3419282511210762,3.878260869565217,1.0,Low,0.6029942428023329,"MN40,QN54,SI05",37
SI05,1,Growing Market,0.5240009671855896,0.0117647058823529,0.4811675244327339,1.0,0.5272108843537415,0.3129251700680272,3.769230769230769,1.0,Low,0.6020673966473296,"BK61,BK21,MN31",38
QN34,3,High Opportunity,0.6172964547465084,0.0,0.6358353757569702,0.0,0.5441860465116279,0.27906976744186046,4.886363636363637,0.5,Medium,0.6012527322013915,"BK96,BX29,BK85",39
QN53,3,High Opportunity,0.6843153921697094,0.0277777777777777,0.5665756627424081,2.0,0.5590277777777778,0.2604166666666667,4.430769230769231,0.5,Medium,0.6003564219648471,"SI07,SI12,QN43",40
MN31,1,Growing Market,0.5245556372467512,0.0161290322580645,0.4600110967426297,3.0,0.5114155251141552,0.3302891933028919,4.132075471698113,1.0,Low,0.5938266935957524,"MN20,BK61,SI05",41
QN54,1,Growing Market,0.4911826430544718,0.0069444444444444,0.4713612098928011,1.0,0.5219298245614035,0.32894736842105265,4.384615384615385,1.0,Low,0.5850175411789091,"MN25,MN40,QN02",42
QN02,1,Growing Market,0.4725372074013947,0.0,0.4867286544689403,0.0,0.5222222222222223,0.4166666666666667,3.9130434782608696,1.0,Low,0.5837063447481341,"BX14,QN21,QN54",43
MN20,1,Growing Market,0.5016186148221246,0.0137362637362637,0.4482975939876025,3.0,0.5155440414507773,0.3316062176165803,4.46242774566474,1.0,Low,0.5799664835238909,"MN31,SI05,QN54",44
BK96,3,High Opportunity,0.5887107473149187,0.0,0.606391169676915,0.0,0.0,0.0,1.0,0.5,Medium,0.5780407667967334,"BK88,QN34,MN35",45
QN55,3,High Opportunity,0.6157089857730225,0.0164835164835164,0.5521372068518993,1.0,0.5474747474747474,0.24242424242424243,4.852941176470588,0.5,Medium,0.5671384770499687,"BK63,SI12,BK40",46
SI12,3,High Opportunity,0.6186121885355698,0.0196078431372549,0.5395731704342263,1.0,0.5465116279069767,0.11627906976744186,4.3,0.5,Medium,0.5632741435879184,"QN55,BK40,BK63",47
BK63,3,High Opportunity,0.603752136329701,0.0136986301369863,0.5536857932307029,1.0,0.0,0.0,1.0,0.5,Medium,0.5629751718241616,"QN55,BK40,SI12",48
BX14,1,Growing Market,0.4468517887148048,0.0,0.4602718398922722,0.0,0.4927536231884058,0.3188405797101449,3.1363636363636362,1.0,Low,0.5628494514428308,"QN02,SI08,QN18",49
BK88,3,High Opportunity,0.5661838287425303,0.0,0.5831877126912384,0.0,0.5619469026548672,0.25663716814159293,4.185185185185185,0.5,Medium,0.5597486165735075,"MN35,BK96,QN34",50
BK25,2,Established Hub,0.7323017108379446,0.0687022900763358,0.4122608466786669,2.0,0.0,0.0,1.0,0.5,Medium,0.5578250230066446,"BK44,BK83,QN06",51
BK42,2,Established Hub,0.6235154717115564,0.0779816513761468,0.2540102821747695,3.0,0.5322812051649928,0.25538020086083213,5.125,1.0,Low,0.5510103015545305,"QN70,BK41,QN35",52
MN35,3,High Opportunity,0.5486498356253705,0.0,0.5651271309133185,0.0,0.5544871794871795,0.32371794871794873,3.627906976744186,0.5,Medium,0.5455107866154756,"BK88,BK96,SI45",53
BK40,3,High Opportunity,0.585799918117326,0.0151515151515151,0.5279612523101012,1.0,0.0,0.0,1.0,0.5,Medium,0.5455044681709709,"BK63,QN55,BK68",54
BK23,1,Growing Market,0.4897039143106066,0.0285714285714285,0.3621683439808776,1.0,0.0,1.0,1.0,1.0,Low,0.5407489033165938,"QN15,MN11,MN13",55
QN06,1,Growing Market,0.6300463019788602,0.037037037037037,0.4645796081897695,2.0,0.0,0.0,1.0,0.5,Medium,0.5378503640674519,"QN53,BK25,SI12",56
SI08,1,Growing Market,0.4150582761759843,0.0,0.4275234904787698,0.0,0.0,1.0,1.0,1.0,Low,0.5370327066619016,"QN18,QN07,BX41",57
BK32,1,Growing Market,0.434260473545537,0.0088105726872246,0.40343902746904,1.0,0.5056818181818182,0.4090909090909091,3.2,1.0,Low,0.5350798004058308,"MN17,MN13,QN18",58
QN18,1,Growing Market,0.4115895367066903,0.0,0.4239505762867269,0.0,0.48878923766816146,0.3811659192825112,4.2075471698113205,1.0,Low,0.534216045197367,"SI08,QN07,BX41",59
MN11,1,Growing Market,0.4537345570764828,0.018348623853211,0.3760128715897188,2.0,0.5241635687732342,0.21933085501858737,4.846846846846847,1.0,Low,0.5318989714664806,"MN13,QN15,MN19",60
QN70,2,Established Hub,0.5627860754843091,0.0631364562118126,0.2653636915937207,5.0,0.516548463356974,0.31560283687943264,4.2727272727272725,1.0,Low,0.531259906831212,"BK42,BK41,BK46",61
QN07,1,Growing Market,0.4070281313724342,0.0,0.4192521808036725,0.0,0.4406779661016949,0.3220338983050847,3.2777777777777777,1.0,Low,0.5305121248704427,"QN18,BX41,SI08",62
MN13,1,Growing Market,0.4384712649320295,0.0142045454545454,0.3809224389491598,4.0,0.5311387900355872,0.34430604982206403,4.14760147601476,1.0,Low,0.5277574815524757,"MN11,BK32,MN19",63
BX41,1,Growing Market,0.4007491603265086,0.0,0.4127846369134476,0.0,0.4926829268292683,0.32195121951219513,4.456521739130435,1.0,Low,0.5254135188959825,"QN07,QN18,SI08",64
BK68,1,Growing Market,0.555047553291498,0.0132450331125827,0.5057767208610369,2.0,0.0,0.0,1.0,0.5,Medium,0.524329709661014,"BK40,BK63,QN55",65
MN17,1,Growing Market,0.4072665141130224,0.0044943820224719,0.397122486156227,2.0,0.5156537753222836,0.3760589318600368,3.6590296495956873,1.0,Low,0.5217556001076997,"BX41,QN07,QN18",66
QN15,1,Growing Market,0.4522889475378979,0.0232558139534883,0.3500934493129167,1.0,0.5340909090909091,0.3181818181818182,3.52,1.0,Low,0.5209529587403259,"MN11,BK23,MN13",67
SI45,1,Growing Market,0.5117673598336305,0.0,0.5271369842446185,0.0,0.5573770491803278,0.3005464480874317,3.452830188679245,0.5,Medium,0.5155617376312996,"BK28,MN35,BK88",68
BK28,1,Growing Market,0.5155927563298833,0.0040816326530612,0.5107568988091693,1.0,0.5428571428571428,0.21714285714285714,4.794520547945205,0.5,Medium,0.5105398620556211,"SI45,MN35,BK88",69
MN33,1,Growing Market,0.3743769874085387,0.0,0.3856204431976241,0.0,0.5011185682326622,0.33557046979865773,4.257142857142857,1.0,Low,0.5039989722424651,"BX41,MN17,QN07",70
MN19,1,Growing Market,0.4093632757535468,0.0149006622516556,0.3474746551112651,3.0,0.4872427983539095,0.47160493827160493,3.403361344537815,1.0,Low,0.5027351723459248,"MN12,MN13,BK37",71
BK44,2,Established Hub,0.6496216063486949,0.0649350649350649,0.3458527498457017,2.0,0.5637860082304527,0.3004115226337449,4.2631578947368425,0.5,Medium,0.4981897424777586,"BK83,BK25,SI01",72
BK41,2,Established Hub,0.7343156876646747,0.2068965517241379,0.0,5.0,0.5,0.23550724637681159,4.6,1.0,Low,0.4937262750658699,"QN35,BK42,BK19",73
BK83,2,Established Hub,0.6501897994730407,0.0681818181818181,0.330274078157635,2.0,0.6039215686274509,0.27450980392156865,4.25,0.5,Medium,0.49218555105227024,"BK44,BK25,SI01",74
MN12,1,Growing Market,0.382142837993659,0.0144927536231884,0.3214674901740937,1.0,0.5308483290488432,0.36118251928020567,3.949238578680203,1.0,Low,0.4814441312671011,"BK37,MN23,MN19",75
BK37,1,Growing Market,0.3833481195061672,0.0185185185185185,0.3026667383804747,2.0,0.5269645608628659,0.41756548536209553,3.6055555555555556,1.0,Low,0.4744059431546568,"MN12,MN23,QN60",76
SI54,1,Growing Market,0.48582441872574,0.0103092783505154,0.4490902725546151,1.0,0.5671641791044776,0.26865671641791045,2.7916666666666665,0.5,Medium,0.47396587651214206,"BK28,SI45,BK68",77
QN12,1,Growing Market,0.3369869870583846,0.0,0.3471075297677938,0.0,0.5217391304347826,0.44565217391304346,3.066666666666667,1.0,Low,0.4736378067304714,"BK35,QN08,MN33",78
BK35,1,Growing Market,0.3279310739992077,0.0,0.3377796455097046,0.0,0.5306859205776173,0.27075812274368233,4.196969696969697,1.0,Low,0.46628428780356496,"QN12,QN08,MN27",79
BK09,1,Growing Market,0.5054784688181406,0.0223880597014925,0.4092004878866897,1.0,0.0,0.0,1.0,0.5,Medium,0.4658715826819322,"BK26,MN28,SI54",80
MN23,1,Growing Market,0.3493638052817926,0.012108980827447,0.2995716123786576,4.0,0.5293255131964809,0.3592375366568915,3.7472527472527473,1.0,Low,0.4595741670641801,"MN12,MN27,BK37",81
MN27,1,Growing Market,0.3214398308056965,0.0060514372163388,0.3009664338792832,3.0,0.5329153605015674,0.29571577847439917,4.47196261682243,1.0,Low,0.4489625058739919,"QN08,MN23,BK35",82
QN08,1,Growing Market,0.3057790052253698,0.0,0.3149622959780416,0.0,0.4945054945054945,0.5054945054945055,3.5,1.0,Low,0.4482965204813646,"BK35,QN12,MN27",83
BX26,1,Growing Market,0.4269794082961786,0.0,0.4398026433279546,0.0,0.0,0.0,1.0,0.5,Medium,0.44671282064965334,"QN29,SI54,SI45",84
BK26,1,Growing Market,0.4897039143106066,0.0277777777777777,0.3661195266352021,1.0,0.0,0.0,1.0,0.5,Medium,0.4423293763783235,"MN28,QN68,BK09",85
BK46,1,Growing Market,0.3931259923281354,0.04,0.2057929207735544,1.0,0.0,1.0,1.0,1.0,Low,0.439567565240676,"MN22,BK33,QN01",86
QN60,1,Growing Market,0.339968668613078,0.02,0.2506089556168711,1.0,0.4057971014492754,0.5217391304347826,2.76,1.0,Low,0.4362310496919797,"MN22,MN15,QN98",87
MN28,1,Growing Market,0.4688689940393571,0.0273224043715847,0.3469259548091248,2.0,0.0,0.0,1.0,0.5,Medium,0.42631797953939277,"QN68,BK26,SI28",88
MN22,0,Low Demand,0.3305655747326269,0.0211864406779661,0.2350167806268188,5.0,0.5160866710439921,0.319763624425476,4.039787798408488,1.0,Low,0.42623294214377827,"QN60,MN15,QN98",89
SI01,1,Growing Market,0.5240009671855896,0.05,0.290813489497926,1.0,0.5529411764705883,0.27647058823529413,4.0476190476190474,0.5,Medium,0.4259257826734063,"SI28,QN28,BK83",90
QN29,1,Growing Market,0.4173971907778272,0.0069686411149825,0.3952393372905212,2.0,0.5723684210526315,0.2582236842105263,4.825396825396825,0.5,Medium,0.42505461122733934,"BX26,SI37,MN36",91
QN68,1,Growing Market,0.46260332802387,0.0297029702970297,0.3286204915338771,1.0,0.0,0.0,1.0,0.5,Medium,0.4164895278230989,"MN28,BK26,SI28",92
BK38,0,Low Demand,0.2881908231190841,0.0122549019607843,0.2358349891502805,3.0,0.5222135619641465,0.36788776305533905,3.7514619883040936,1.0,Low,0.40961032490774585,"MN15,MN24,QN98",93
SI28,1,Growing Market,0.4687401480450154,0.037037037037037,0.2984290362728197,2.0,0.5384615384615384,0.25961538461538464,3.3548387096774195,0.5,Medium,0.40686767372713406,"QN68,SI01,MN28",94
MN15,0,Low Demand,0.2936242000201214,0.01669449081803,0.2193290942658826,4.0,0.5266781411359724,0.33820998278829606,3.9794520547945207,1.0,Low,0.40518131771440163,"QN98,BK38,MN24",95
BK31,2,Established Hub,0.5973291555472796,0.0916905444126074,0.1587879380718045,3.0,0.5421487603305785,0.26611570247933886,4.879032258064516,0.5,Medium,0.40244683744763365,"BK27,SI36,BK19",96
SI37,1,Growing Market,0.3967645288251262,0.0120481927710843,0.3486985282216551,1.0,0.5633802816901409,0.38028169014084506,3.0869565217391304,0.5,Medium,0.3981852228187125,"QN31,MN09,QN63",97
QN63,1,Growing Market,0.4002217774626737,0.0192307692307692,0.3165012203679029,1.0,0.5404858299595142,0.2874493927125506,4.704761904761905,0.5,Medium,0.38668919913223065,"MN09,BK79,SI37",98
QN98,0,Low Demand,0.268190533308777,0.0163934426229508,0.1946303578636837,1.0,0.448,0.648,2.358490566037736,1.0,Low,0.3851283564689843,"MN15,MN24,BK38",99
MN24,0,Low Demand,0.2476959685212139,0.0120918984280532,0.19493548659362,4.0,0.5262390670553936,0.31924198250728864,4.051181102362205,1.0,Low,0.3770525820459336,"QN98,BK38,MN34",100
MN09,1,Growing Market,0.3758177925058808,0.0155440414507772,0.3097186620253064,2.0,0.0,0.0,1.0,0.5,Medium,0.3742145818124749,"QN31,QN63,SI37",101
MN36,1,Growing Market,0.3356854703034515,0.0,0.3457669252842208,0.0,0.5541666666666667,0.375,4.0,0.5,Medium,0.372580958235069,"BX63,QN31,SI37",102
QN35,2,Established Hub,0.6798131429274609,0.1973684210526315,0.0,3.0,0.0,0.0,1.0,0.5,Medium,0.37192525717098435,"BK19,BK27,BK31",103
QN31,1,Growing Market,0.3606247088387398,0.0115384615384615,0.3140110330448863,2.0,0.5594965675057209,0.3100686498855835,4.161904761904762,0.5,Medium,0.3698542967534505,"MN09,SI37,QN63",104
BK27,2,Established Hub,0.5755055221746207,0.1,0.0949403449114395,2.0,0.0,0.0,1.0,0.5,Medium,0.3681783468344241,"SI36,BK31,BK19",105
MN32,0,Low Demand,0.208843504345806,0.00418410041841,0.1942850824313717,1.0,0.4829821717990275,0.39222042139384117,3.8322981366459627,1.0,Low,0.3612514347108711,"MN34,BK50,MN99",106
BK79,1,Growing Market,0.3749520330155504,0.0227272727272727,0.2730652555465136,1.0,0.5714285714285714,0.16428571428571428,4.375,0.5,Medium,0.35920691542482563,"QN71,BK64,QN63",107
QN28,1,Growing Market,0.4445734293466756,0.0526315789473684,0.1958992587484852,3.0,0.5554484088717454,0.2304725168756027,5.317948717948718,0.5,Medium,0.3561890752380643,"BK17,SI01,QN38",108
QN71,1,Growing Market,0.3635219820742563,0.0229885057471264,0.25999138622933,2.0,0.5490196078431373,0.2549019607843137,4.340425531914893,0.5,Medium,0.3494053473214345,"BK79,BK64,BK69",109
MN34,0,Low Demand,0.1951508786001647,0.005524861878453,0.173506265959325,1.0,0.5182481751824818,0.30656934306569344,4.151515151515151,1.0,Low,0.34746285782379593,"MN32,MN99,BK50",110
SI36,2,Established Hub,0.5358596828872613,0.0943396226415094,0.0822839770816796,2.0,0.5657894736842105,0.3026315789473684,3.707317073170732,0.5,Medium,0.3472574639875764,"BK27,BK19,BK31",111
BK17,1,Growing Market,0.4200914244835033,0.0482758620689655,0.1923668930042474,2.0,0.0,0.0,1.0,0.5,Medium,0.34498332699510026,"QN28,QN38,SI28",112
BK50,0,Low Demand,0.1721897845737544,0.0,0.1773610645810762,0.0,0.5102880658436214,0.3004115226337449,4.11864406779661,1.0,Low,0.33982033966193226,"MN99,MN32,MN34",113
BK64,1,Growing Market,0.363540173570695,0.0279720279720279,0.2351997077795469,2.0,0.5653846153846154,0.32884615384615384,3.9097744360902253,0.5,Medium,0.3394959525400968,"QN71,BK79,BK69",114
MN99,0,Low Demand,0.1670149771113675,0.0,0.1720308450050252,0.0,0.0,1.0,1.0,1.0,Low,0.33561832884655707,"BK50,MN32,MN34",115
BK19,2,Established Hub,0.5843889879714349,0.136986301369863,0.0,3.0,0.5670498084291188,0.367816091954023,3.676056338028169,0.5,Medium,0.333755595188574,"BK27,SI36,QN35",116
BX63,0,Low Demand,0.2833432952498063,0.0,0.2918527868062371,0.0,0.5384615384615384,0.20384615384615384,4.7272727272727275,0.5,Medium,0.33007843282241733,"MN36,BK77,MN01",117
SI22,0,Low Demand,0.2925534317732353,0.0116279069767441,0.243450105951794,1.0,0.6303317535545023,0.2559241706161137,3.5762711864406778,0.5,Medium,0.31440141509001174,"BK90,MN21,MN01",118
QN38,0,Low Demand,0.3582685850719275,0.04,0.1698886603971261,1.0,0.5391304347826087,0.17391304347826086,3.8333333333333335,0.5,Medium,0.31126289818762143,"BK17,BK64,QN50",119
BK69,0,Low Demand,0.30166549539187,0.0205479452054794,0.2084275046979901,2.0,0.5850746268656717,0.24477611940298508,4.407894736842105,0.5,Medium,0.30403720003594403,"BK73,MN21,BK78",120
MN21,0,Low Demand,0.2890053105958031,0.0156862745098039,0.219590883259045,3.0,0.0,0.0,1.0,0.5,Medium,0.3034384775419392,"BK78,BK90,BK73",121
QN01,0,Low Demand,0.1995922984637726,0.0344827586206896,0.0339144689796502,1.0,0.4354066985645933,0.5406698564593302,2.2967032967032965,1.0,Low,0.29340270697736914,"BK33,QN76,MN04",122
BK73,0,Low Demand,0.2850131098512346,0.0197841726618705,0.1950774414074413,2.0,0.5579641847313855,0.35626767200754006,3.696864111498258,0.5,Medium,0.2920362205034704,"BK69,MN21,BK78",123
BK33,0,Low Demand,0.2002854448189503,0.0355555555555555,0.0292875232464763,2.0,0.5016835016835017,0.3468013468013468,3.9078947368421053,1.0,Low,0.2918291872261707,"QN01,QN76,MN04",124
BK90,0,Low Demand,0.2620121930053556,0.0126582278481012,0.2068621968470578,3.0,0.0,0.0,1.0,0.5,Medium,0.28754975594096543,"BK78,MN21,SI22",125
MN01,0,Low Demand,0.2462639246907644,0.0071428571428571,0.2180991882503054,1.0,0.538135593220339,0.3644067796610169,4.034188034188034,0.5,Medium,0.28574524517642796,"BK77,BK90,SI22",126
BK77,0,Low Demand,0.2418212387009805,0.0060975609756097,0.2187270742104209,2.0,0.5817805383022774,0.31262939958592134,3.864,0.5,Medium,0.2842193251645606,"MN01,QN03,BK90",127
BK82,0,Low Demand,0.1204845057724431,0.0074074074074074,0.0872252451325592,1.0,0.4921052631578947,0.40789473684210525,4.222222222222222,1.0,Low,0.28308390036200093,"BK91,QN57,MN04",128
BK78,0,Low Demand,0.2608559010885391,0.015,0.1940126890796004,1.0,0.5528846153846154,0.2548076923076923,4.622222222222222,0.5,Medium,0.2819474360672558,"BK90,MN21,BK73",129
QN57,0,Low Demand,0.0914083106634351,0.0,0.0941535256052333,0.0,0.4823529411764706,0.49411764705882355,3.269230769230769,1.0,Low,0.27422473450746737,"BK91,BK82,MN99",130
MN04,0,Low Demand,0.1287022875154206,0.015625,0.0547786232095816,1.0,0.4852941176470588,0.2549019607843137,3.923076923076923,1.0,Low,0.2733923642900009,"QN76,BK82,BK91",131
QN50,0,Low Demand,0.271525228850661,0.0273972602739726,0.1432828047346923,2.0,0.0,0.0,1.0,0.5,Medium,0.2659232134341413,"BK73,BK69,BK78",132
QN76,0,Low Demand,0.1204845057724431,0.0192307692307692,0.0283627548206999,1.0,0.5,0.23333333333333334,3.3333333333333335,1.0,Low,0.25953890423725723,"MN04,BK82,QN01",133
QN03,0,Low Demand,0.1721051835726808,0.0,0.1772739228052027,0.0,0.0,0.0,1.0,0.5,Medium,0.23975164255115342,"BK30,BX36,QN19",134
BK30,0,Low Demand,0.1602898763778846,0.0,0.165103773062528,0.0,0.5911949685534591,0.1949685534591195,4.676470588235294,0.5,Medium,0.23015745977616506,"QN03,BX36,QN19",135
BK91,0,Low Demand,0.0287653767310773,0.0,0.0296292712876605,0.0,0.5065502183406113,0.24017467248908297,4.673469387755102,1.0,Low,0.22335785920749512,"QN57,BK82,MN99",136
BX36,0,Low Demand,0.1152037606375176,0.0,0.1186636110904805,0.0,0.5473251028806584,0.19753086419753085,5.0625,0.5,Medium,0.19354694869119926,"QN19,MN06,QN62",137
QN19,0,Low Demand,0.1027887432597354,0.0,0.1058757404025254,0.0,0.0,0.0,1.0,0.5,Medium,0.18346579346490433,"MN06,QN62,BX36",138
MN06,0,Low Demand,0.1007484989365238,0.0,0.1037742225565854,0.0,0.0,0.0,1.0,0.5,Medium,0.18180908859724368,"QN19,QN62,BX36",139
BK76,0,Low Demand,0.1008806077800696,0.0033112582781456,0.0874252322480616,1.0,0.5756929637526652,0.302771855010661,3.423357664233577,0.5,Medium,0.1753223360112525,"SI24,QN62,MN06",140
QN62,0,Low Demand,0.0914083106634351,0.0,0.0941535256052333,0.0,0.0,0.0,1.0,0.5,Medium,0.17422473450746737,"MN06,SI24,QN19",141
SI24,0,Low Demand,0.0801478324168968,0.0,0.0825548676799565,0.0,0.0,0.0,1.0,0.5,Medium,0.16508108003874133,"QN62,MN06,QN19",142
BK95,0,Low Demand,0.0390583207204534,0.0,0.0402313375376893,0.0,0.0,0.0,1.0,0.5,Medium,0.13171586330325707,"SI24,BK76,BK34",143
BK34,0,Low Demand,0.0,0.0027855153203342,0.0,1.0,0.5723771580345286,0.31739707835325365,4.3028571428571425,0.5,Medium,0.1,"BK95,BK76,SI24",144
