zone_id,time_key,total_review_count,unique_restaurant_count,halal_related_review_count,explicit_halal_review_count,implicit_halal_review_count,not_related_review_count,halal_related_share,explicit_halal_share,implicit_halal_share,not_related_share,implicit_to_explicit_ratio,overall_positive_rate,overall_negative_rate,halal_positive_rate,halal_negative_rate,non_halal_positive_rate,non_halal_negative_rate,avg_rating,avg_confidence,dominant_subtype,subtype_gap,healthy_food_share,salad_bowls_share,mediterranean_bowls_share,healthy_indian_share,smoothie_juice_share,halal_fast_casual_share
bk-bushwick-ridgewood,2022,9,6,2,1,1,7,0.2222222222222222,0.1111111111111111,0.1111111111111111,0.7777777777777778,1.0,0.5555555555555556,0.3333333333333333,0.5,0.0,0.5714285714285714,0.42857142857142855,3.5555555555555554,0.8888888888888888,fast_casual,0.0,0.2222222222222222,0.0,0.0,0.0,0.0,0.2222222222222222
bk-bushwick-ridgewood,2023,10,8,4,1,3,6,0.4,0.1,0.3,0.6,3.0,0.5,0.2,0.5,0.25,0.5,0.16666666666666666,3.6,0.8800000000000001,street_food,0.14433756729740643,0.4,0.0,0.0,0.0,0.0,0.4
bk-bushwick-ridgewood,2024,8,8,5,4,1,3,0.625,0.5,0.125,0.375,0.25,0.5,0.375,0.6,0.4,0.3333333333333333,0.3333333333333333,3.25,0.9125000000000001,street_food,0.14142135623730948,0.625,0.0,0.0,0.0,0.0,0.625
bk-bushwick-ridgewood,2025,35,16,8,4,4,27,0.22857142857142856,0.11428571428571428,0.11428571428571428,0.7714285714285715,1.0,0.5714285714285714,0.2571428571428571,0.875,0.125,0.48148148148148145,0.2962962962962963,3.742857142857143,0.8542857142857143,fast_casual,0.10206207261596575,0.22857142857142856,0.0,0.0,0.0,0.0,0.22857142857142856
bk-bushwick-ridgewood,2026,21,10,7,4,3,14,0.3333333333333333,0.19047619047619047,0.14285714285714285,0.6666666666666666,0.75,0.7619047619047619,0.0,1.0,0.0,0.6428571428571429,0.0,4.333333333333333,0.9095238095238094,fast_casual,0.21821789023599236,0.3333333333333333,0.0,0.0,0.0,0.0,0.3333333333333333
bk-downtownbk,2022,1,1,0,0,0,1,0.0,0.0,0.0,1.0,0.0,0.0,1.0,0.0,0.0,0.0,1.0,4.0,1.0,other,0.0,0.0,0.0,0.0,0.0,0.0,0.0
bk-downtownbk,2023,4,3,2,2,0,2,0.5,0.5,0.0,0.5,0.0,0.75,0.25,1.0,0.0,0.5,0.5,4.25,0.95,other,0.0,0.5,0.0,0.0,0.0,0.0,0.5
bk-downtownbk,2024,20,12,5,5,0,15,0.25,0.25,0.0,0.75,0.0,0.7,0.1,0.8,0.2,0.6666666666666666,0.06666666666666667,4.2,0.8100000000000002,street_food,0.14142135623730948,0.25,0.0,0.0,0.0,0.0,0.25
bk-downtownbk,2025,73,27,32,20,12,41,0.4383561643835616,0.273972602739726,0.1643835616438356,0.5616438356164384,0.6,0.6438356164383562,0.1506849315068493,0.6875,0.0625,0.6097560975609756,0.21951219512195122,4.082191780821918,0.8561643835616438,middle_eastern,0.09529969176235567,0.4383561643835616,0.0,0.0,0.0,0.0,0.4383561643835616
bk-downtownbk,2026,41,21,13,10,3,28,0.3170731707317073,0.24390243902439024,0.07317073170731707,0.6829268292682927,0.3,0.7560975609756098,0.0975609756097561,0.8461538461538461,0.07692307692307693,0.7142857142857143,0.10714285714285714,4.170731707317073,0.8463414634146342,other,0.1313711636661487,0.3170731707317073,0.0,0.0,0.0,0.0,0.3170731707317073
bk-fort-greene,2022,2,2,2,1,1,0,1.0,0.5,0.5,0.0,1.0,1.0,0.0,1.0,0.0,0.0,0.0,4.5,0.85,fast_casual,0.0,1.0,0.0,0.0,0.0,0.0,1.0
bk-fort-greene,2023,2,2,2,0,2,0,1.0,0.0,1.0,0.0,2.0,1.0,0.0,1.0,0.0,0.0,0.0,4.0,0.7,middle_eastern,0.0,1.0,0.0,0.0,0.0,0.0,1.0
bk-fort-greene,2024,5,2,5,4,1,0,1.0,0.8,0.2,0.0,0.25,0.6,0.2,0.6,0.2,0.0,0.0,4.0,0.9400000000000001,street_food,0.42426406871192857,1.0,0.0,0.0,0.0,0.0,1.0
bk-fort-greene,2025,21,6,11,0,11,10,0.5238095238095238,0.0,0.5238095238095238,0.47619047619047616,11.0,0.7619047619047619,0.09523809523809523,1.0,0.0,0.5,0.2,4.238095238095238,0.7380952380952381,middle_eastern,0.13886593015017695,0.5238095238095238,0.0,0.0,0.0,0.0,0.5238095238095238
bk-fort-greene,2026,10,5,1,0,1,9,0.1,0.0,0.1,0.9,1.0,0.9,0.1,1.0,0.0,0.8888888888888888,0.1111111111111111,4.3,0.85,middle_eastern,0.0,0.1,0.0,0.0,0.0,0.0,0.1
bk-williamsburg,2022,5,3,3,1,2,2,0.6,0.2,0.4,0.4,2.0,1.0,0.0,1.0,0.0,1.0,0.0,4.8,0.8399999999999999,middle_eastern,0.23570226039551584,0.6,0.0,0.0,0.0,0.0,0.6
bk-williamsburg,2023,17,11,8,6,2,9,0.47058823529411764,0.35294117647058826,0.11764705882352941,0.5294117647058824,0.3333333333333333,0.5294117647058824,0.23529411764705882,0.875,0.0,0.2222222222222222,0.4444444444444444,3.764705882352941,0.8588235294117647,middle_eastern,0.0,0.47058823529411764,0.0,0.0,0.0,0.0,0.47058823529411764
bk-williamsburg,2024,30,18,11,6,5,19,0.36666666666666664,0.2,0.16666666666666666,0.6333333333333333,0.8333333333333334,0.5333333333333333,0.06666666666666667,0.5454545454545454,0.09090909090909091,0.5263157894736842,0.05263157894736842,3.933333333333333,0.8433333333333332,middle_eastern,0.1143914308374356,0.36666666666666664,0.0,0.0,0.0,0.0,0.36666666666666664
bk-williamsburg,2025,101,41,32,22,10,69,0.31683168316831684,0.21782178217821782,0.09900990099009901,0.6831683168316832,0.45454545454545453,0.594059405940594,0.1782178217821782,0.5625,0.15625,0.6086956521739131,0.18840579710144928,3.9306930693069306,0.8232673267326734,other,0.10582020916000244,0.31683168316831684,0.0,0.0,0.0,0.0,0.31683168316831684
bk-williamsburg,2026,94,33,30,25,5,64,0.3191489361702128,0.26595744680851063,0.05319148936170213,0.6808510638297872,0.2,0.6914893617021277,0.1702127659574468,0.7,0.2,0.6875,0.15625,4.138297872340425,0.8579787234042555,middle_eastern,0.15456030825826172,0.3191489361702128,0.0,0.0,0.0,0.0,0.3191489361702128
bx-mott-haven,2022,1,1,1,0,1,0,1.0,0.0,1.0,0.0,1.0,1.0,0.0,1.0,0.0,0.0,0.0,4.0,0.7,other,0.0,1.0,0.0,0.0,0.0,0.0,1.0
bx-mott-haven,2023,3,3,3,3,0,0,1.0,1.0,0.0,0.0,0.0,1.0,0.0,1.0,0.0,0.0,0.0,5.0,1.0,street_food,0.23570226039551584,1.0,0.0,0.0,0.0,0.0,1.0
bx-mott-haven,2024,4,2,4,2,2,0,1.0,0.5,0.5,0.0,1.0,0.25,0.75,0.25,0.75,0.0,0.0,2.0,0.8500000000000001,street_food,0.0,1.0,0.0,0.0,0.0,0.0,1.0
bx-mott-haven,2025,8,3,5,4,1,3,0.625,0.5,0.125,0.375,0.25,0.375,0.375,0.4,0.4,0.3333333333333333,0.3333333333333333,2.625,0.925,street_food,0.42426406871192857,0.625,0.0,0.0,0.0,0.0,0.625
bx-south-hub,2022,7,4,0,0,0,7,0.0,0.0,0.0,1.0,0.0,0.5714285714285714,0.2857142857142857,0.0,0.0,0.5714285714285714,0.2857142857142857,3.5714285714285716,0.9142857142857143,other,0.0,0.0,0.0,0.0,0.0,0.0,0.0
bx-south-hub,2023,2,2,0,0,0,2,0.0,0.0,0.0,1.0,0.0,1.0,0.0,0.0,0.0,1.0,0.0,5.0,0.9,other,0.0,0.0,0.0,0.0,0.0,0.0,0.0
bx-south-hub,2024,1,1,0,0,0,1,0.0,0.0,0.0,1.0,0.0,0.0,0.0,0.0,0.0,0.0,0.0,5.0,0.9,other,0.0,0.0,0.0,0.0,0.0,0.0,0.0
bx-south-hub,2025,10,4,10,10,0,0,1.0,1.0,0.0,0.0,0.0,0.6,0.4,0.6,0.4,0.0,0.0,3.6,1.0,south_asian,0.15275252316519466,1.0,0.0,0.0,0.0,0.0,1.0
bx-south-hub,2026,6,3,6,6,0,0,1.0,1.0,0.0,0.0,0.0,0.5,0.3333333333333333,0.5,0.3333333333333333,0.0,0.0,3.3333333333333335,1.0,fast_casual,0.16666666666666669,1.0,0.0,0.0,0.0,0.0,1.0
bx-west-corridor,2022,1,1,0,0,0,1,0.0,0.0,0.0,1.0,0.0,0.0,1.0,0.0,0.0,0.0,1.0,1.0,0.9,other,0.0,0.0,0.0,0.0,0.0,0.0,0.0
bx-west-corridor,2023,2,2,1,0,1,1,0.5,0.0,0.5,0.5,1.0,0.5,0.0,0.0,0.0,1.0,0.0,4.5,0.8,cafe_dessert,0.0,0.5,0.0,0.0,0.0,0.0,0.5
bx-west-corridor,2024,2,2,1,0,1,1,0.5,0.0,0.5,0.5,1.0,1.0,0.0,1.0,0.0,1.0,0.0,5.0,0.8,cafe_dessert,0.0,0.5,0.0,0.0,0.0,0.0,0.5
bx-west-corridor,2025,10,4,6,3,3,4,0.6,0.3,0.3,0.4,1.0,0.9,0.1,0.8333333333333334,0.16666666666666666,1.0,0.0,4.4,0.8699999999999999,south_asian,0.0,0.6,0.0,0.0,0.0,0.0,0.6
bx-west-corridor,2026,5,3,3,2,1,2,0.6,0.4,0.2,0.4,0.5,0.2,0.4,0.3333333333333333,0.3333333333333333,0.0,0.5,3.0,0.9,south_asian,0.23570226039551584,0.6,0.0,0.0,0.0,0.0,0.6
mn-chelsea,2022,3,2,2,2,0,1,0.6666666666666666,0.6666666666666666,0.0,0.3333333333333333,0.0,0.6666666666666666,0.3333333333333333,0.5,0.5,1.0,0.0,3.6666666666666665,0.7000000000000001,street_food,0.0,0.6666666666666666,0.0,0.0,0.0,0.0,0.6666666666666666
mn-chelsea,2023,5,3,3,2,1,2,0.6,0.4,0.2,0.4,0.5,0.8,0.2,1.0,0.0,0.5,0.5,4.2,0.78,street_food,0.0,0.6,0.0,0.0,0.0,0.0,0.6
mn-chelsea,2024,18,9,8,6,2,10,0.4444444444444444,0.3333333333333333,0.1111111111111111,0.5555555555555556,0.3333333333333333,0.6111111111111112,0.16666666666666666,0.375,0.25,0.8,0.1,4.055555555555555,0.8833333333333333,street_food,0.1767766952966369,0.4444444444444444,0.0,0.0,0.0,0.0,0.4444444444444444
mn-chelsea,2025,69,25,19,10,9,50,0.2753623188405797,0.14492753623188406,0.13043478260869565,0.7246376811594203,0.9,0.6086956521739131,0.10144927536231885,0.6842105263157895,0.05263157894736842,0.58,0.12,4.0,0.8028985507246378,middle_eastern,0.13069881075220474,0.2753623188405797,0.0,0.0,0.0,0.0,0.2753623188405797
mn-chelsea,2026,66,28,16,6,10,50,0.24242424242424243,0.09090909090909091,0.15151515151515152,0.7575757575757576,1.6666666666666667,0.6818181818181818,0.12121212121212122,0.875,0.0625,0.62,0.14,4.2727272727272725,0.8613636363636364,middle_eastern,0.25,0.24242424242424243,0.0,0.0,0.0,0.0,0.24242424242424243
mn-columbia,2022,1,1,0,0,0,1,0.0,0.0,0.0,1.0,0.0,0.0,0.0,0.0,0.0,0.0,0.0,4.0,1.0,other,0.0,0.0,0.0,0.0,0.0,0.0,0.0
mn-columbia,2023,6,3,0,0,0,6,0.0,0.0,0.0,1.0,0.0,0.16666666666666666,0.6666666666666666,0.0,0.0,0.16666666666666666,0.6666666666666666,2.3333333333333335,0.8333333333333334,other,0.0,0.0,0.0,0.0,0.0,0.0,0.0
mn-columbia,2024,18,10,2,0,2,16,0.1111111111111111,0.0,0.1111111111111111,0.8888888888888888,2.0,0.6111111111111112,0.2222222222222222,0.5,0.5,0.625,0.1875,3.7777777777777777,0.8333333333333334,other,0.0,0.1111111111111111,0.0,0.0,0.0,0.0,0.1111111111111111
mn-columbia,2025,30,13,10,6,4,20,0.3333333333333333,0.2,0.13333333333333333,0.6666666666666666,0.6666666666666666,0.6666666666666666,0.13333333333333333,0.7,0.0,0.65,0.2,4.033333333333333,0.8633333333333333,middle_eastern,0.17320508075688773,0.3333333333333333,0.0,0.0,0.0,0.0,0.3333333333333333
mn-columbia,2026,12,6,2,0,2,10,0.16666666666666666,0.0,0.16666666666666666,0.8333333333333334,2.0,0.75,0.08333333333333333,1.0,0.0,0.7,0.1,4.416666666666667,0.9333333333333335,middle_eastern,0.0,0.16666666666666666,0.0,0.0,0.0,0.0,0.16666666666666666
mn-fidi,2022,6,5,2,1,1,4,0.3333333333333333,0.16666666666666666,0.16666666666666666,0.6666666666666666,1.0,0.8333333333333334,0.0,0.5,0.0,1.0,0.0,4.833333333333333,0.8666666666666666,street_food,0.0,0.3333333333333333,0.0,0.0,0.0,0.0,0.3333333333333333
mn-fidi,2023,11,10,6,3,3,5,0.5454545454545454,0.2727272727272727,0.2727272727272727,0.45454545454545453,1.0,0.7272727272727273,0.09090909090909091,0.8333333333333334,0.0,0.6,0.2,4.363636363636363,0.7727272727272727,street_food,0.23570226039551584,0.5454545454545454,0.0,0.0,0.0,0.0,0.5454545454545454
mn-fidi,2024,52,30,16,5,11,36,0.3076923076923077,0.09615384615384616,0.21153846153846154,0.6923076923076923,2.2,0.5576923076923077,0.11538461538461539,0.8125,0.0,0.4444444444444444,0.16666666666666666,3.8846153846153846,0.8249999999999998,street_food,0.11636866703140784,0.3076923076923077,0.0,0.0,0.0,0.0,0.3076923076923077
mn-fidi,2025,145,56,58,28,30,87,0.4,0.19310344827586207,0.20689655172413793,0.6,1.0714285714285714,0.6620689655172414,0.15862068965517243,0.8448275862068966,0.06896551724137931,0.5402298850574713,0.21839080459770116,4.075862068965518,0.8358620689655174,street_food,0.06581472520141571,0.4,0.0,0.0,0.0,0.0,0.4
mn-fidi,2026,92,37,27,16,11,65,0.29347826086956524,0.17391304347826086,0.11956521739130435,0.7065217391304348,0.6875,0.7717391304347826,0.10869565217391304,0.8518518518518519,0.037037037037037035,0.7384615384615385,0.13846153846153847,4.315217391304348,0.8119565217391304,south_asian,0.09296222517045283,0.29347826086956524,0.0,0.0,0.0,0.0,0.29347826086956524
mn-harlem,2022,8,7,4,4,0,4,0.5,0.5,0.0,0.5,0.0,0.5,0.125,0.5,0.0,0.5,0.25,3.5,0.8500000000000001,street_food,0.0,0.5,0.0,0.0,0.0,0.0,0.5
mn-harlem,2023,7,5,2,1,1,5,0.2857142857142857,0.14285714285714285,0.14285714285714285,0.7142857142857143,1.0,0.5714285714285714,0.14285714285714285,1.0,0.0,0.4,0.2,3.4285714285714284,0.8714285714285716,other,0.0,0.2857142857142857,0.0,0.0,0.0,0.0,0.2857142857142857
mn-harlem,2024,24,14,16,11,5,8,0.6666666666666666,0.4583333333333333,0.20833333333333334,0.3333333333333333,0.45454545454545453,0.5416666666666666,0.2916666666666667,0.5625,0.25,0.5,0.375,3.625,0.8541666666666666,fast_casual,0.13501543121683043,0.6666666666666666,0.0,0.0,0.0,0.0,0.6666666666666666
mn-harlem,2025,32,14,13,5,8,19,0.40625,0.15625,0.25,0.59375,1.6,0.6875,0.21875,0.7692307692307693,0.23076923076923078,0.631578947368421,0.21052631578947367,3.78125,0.859375,middle_eastern,0.23500388179260717,0.40625,0.0,0.0,0.0,0.0,0.40625
mn-harlem,2026,15,9,5,1,4,10,0.3333333333333333,0.06666666666666667,0.26666666666666666,0.6666666666666666,4.0,0.6666666666666666,0.06666666666666667,0.6,0.0,0.7,0.1,3.933333333333333,0.8400000000000001,middle_eastern,0.14142135623730948,0.3333333333333333,0.0,0.0,0.0,0.0,0.3333333333333333
mn-lic-adj,2022,9,7,3,2,1,6,0.3333333333333333,0.2222222222222222,0.1111111111111111,0.6666666666666666,0.5,0.5555555555555556,0.0,0.6666666666666666,0.0,0.5,0.0,4.111111111111111,0.8666666666666667,street_food,0.23570226039551584,0.3333333333333333,0.0,0.0,0.0,0.0,0.3333333333333333
mn-lic-adj,2023,15,12,6,4,2,9,0.4,0.26666666666666666,0.13333333333333333,0.6,0.5,0.7333333333333333,0.26666666666666666,0.6666666666666666,0.3333333333333333,0.7777777777777778,0.2222222222222222,3.8,0.8133333333333336,street_food,0.2886751345948129,0.4,0.0,0.0,0.0,0.0,0.4
mn-lic-adj,2024,53,32,33,19,14,20,0.6226415094339622,0.3584905660377358,0.2641509433962264,0.37735849056603776,0.7368421052631579,0.660377358490566,0.11320754716981132,0.696969696969697,0.12121212121212122,0.6,0.1,4.056603773584905,0.8584905660377359,street_food,0.11853095282186635,0.6226415094339622,0.0,0.0,0.0,0.0,0.6226415094339622
mn-lic-adj,2025,196,80,78,51,27,118,0.3979591836734694,0.2602040816326531,0.1377551020408163,0.6020408163265306,0.5294117647058824,0.6275510204081632,0.11224489795918367,0.7051282051282052,0.11538461538461539,0.576271186440678,0.11016949152542373,4.071428571428571,0.8908163265306124,other,0.09930726528736966,0.3979591836734694,0.0,0.0,0.0,0.0,0.3979591836734694
mn-lic-adj,2026,201,68,50,38,12,151,0.24875621890547264,0.1890547263681592,0.05970149253731343,0.7512437810945274,0.3157894736842105,0.6666666666666666,0.07960199004975124,0.68,0.08,0.6622516556291391,0.07947019867549669,4.213930348258707,0.8746268656716418,street_food,0.1001332445627658,0.24875621890547264,0.0,0.0,0.0,0.0,0.24875621890547264
mn-midtown-e,2022,6,5,4,3,1,2,0.6666666666666666,0.5,0.16666666666666666,0.3333333333333333,0.3333333333333333,0.8333333333333334,0.16666666666666666,0.75,0.25,1.0,0.0,4.5,0.85,street_food,0.3535533905932738,0.6666666666666666,0.0,0.0,0.0,0.0,0.6666666666666666
mn-midtown-e,2023,8,7,3,2,1,5,0.375,0.25,0.125,0.625,0.5,0.5,0.25,0.6666666666666666,0.3333333333333333,0.4,0.2,3.5,0.85,middle_eastern,0.0,0.375,0.0,0.0,0.0,0.0,0.375
mn-midtown-e,2024,21,15,4,4,0,17,0.19047619047619047,0.19047619047619047,0.0,0.8095238095238095,0.0,0.6666666666666666,0.047619047619047616,0.5,0.0,0.7058823529411765,0.058823529411764705,4.0,0.8476190476190476,middle_eastern,0.14433756729740643,0.19047619047619047,0.0,0.0,0.0,0.0,0.19047619047619047
mn-midtown-e,2025,94,40,31,23,8,63,0.32978723404255317,0.24468085106382978,0.0851063829787234,0.6702127659574468,0.34782608695652173,0.6595744680851063,0.11702127659574468,0.6451612903225806,0.12903225806451613,0.6666666666666666,0.1111111111111111,4.0212765957446805,0.8787234042553194,middle_eastern,0.16823748142458447,0.32978723404255317,0.0,0.0,0.0,0.0,0.32978723404255317
mn-midtown-e,2026,75,33,28,23,5,47,0.37333333333333335,0.30666666666666664,0.06666666666666667,0.6266666666666667,0.21739130434782608,0.6666666666666666,0.13333333333333333,0.5357142857142857,0.21428571428571427,0.7446808510638298,0.0851063829787234,4.093333333333334,0.8946666666666668,middle_eastern,0.1609125760866973,0.37333333333333335,0.0,0.0,0.0,0.0,0.37333333333333335
mn-nyu-wash-sq,2022,3,3,1,1,0,2,0.3333333333333333,0.3333333333333333,0.0,0.6666666666666666,0.0,0.6666666666666666,0.3333333333333333,1.0,0.0,0.5,0.5,4.333333333333333,0.9333333333333332,street_food,0.0,0.3333333333333333,0.0,0.0,0.0,0.0,0.3333333333333333
mn-nyu-wash-sq,2023,7,6,5,4,1,2,0.7142857142857143,0.5714285714285714,0.14285714285714285,0.2857142857142857,0.25,0.42857142857142855,0.0,0.2,0.0,1.0,0.0,3.857142857142857,0.9142857142857143,street_food,0.42426406871192857,0.7142857142857143,0.0,0.0,0.0,0.0,0.7142857142857143
mn-nyu-wash-sq,2024,23,15,13,11,2,10,0.5652173913043478,0.4782608695652174,0.08695652173913043,0.43478260869565216,0.18181818181818182,0.4782608695652174,0.17391304347826086,0.6153846153846154,0.15384615384615385,0.3,0.2,3.652173913043478,0.9173913043478261,street_food,0.15858098560067926,0.5652173913043478,0.0,0.0,0.0,0.0,0.5652173913043478
mn-nyu-wash-sq,2025,133,52,52,35,17,81,0.39097744360902253,0.2631578947368421,0.12781954887218044,0.6090225563909775,0.4857142857142857,0.6691729323308271,0.11278195488721804,0.6730769230769231,0.15384615384615385,0.6666666666666666,0.08641975308641975,4.18796992481203,0.8928571428571428,street_food,0.08226634475464399,0.39097744360902253,0.0,0.0,0.0,0.0,0.39097744360902253
mn-nyu-wash-sq,2026,112,47,31,18,13,81,0.2767857142857143,0.16071428571428573,0.11607142857142858,0.7232142857142857,0.7222222222222222,0.6428571428571429,0.09821428571428571,0.7741935483870968,0.0967741935483871,0.5925925925925926,0.09876543209876543,4.276785714285714,0.8660714285714286,middle_eastern,0.10046717098320927,0.2767857142857143,0.0,0.0,0.0,0.0,0.2767857142857143
mn-ues-hosp,2022,9,3,6,4,2,3,0.6666666666666666,0.4444444444444444,0.2222222222222222,0.3333333333333333,0.5,0.3333333333333333,0.2222222222222222,0.5,0.3333333333333333,0.0,0.0,4.222222222222222,0.8444444444444444,other,0.0,0.6666666666666666,0.0,0.0,0.0,0.0,0.6666666666666666
mn-ues-hosp,2023,7,6,5,5,0,2,0.7142857142857143,0.7142857142857143,0.0,0.2857142857142857,0.0,0.42857142857142855,0.2857142857142857,0.6,0.2,0.0,0.5,3.857142857142857,0.8571428571428571,street_food,0.0,0.7142857142857143,0.0,0.0,0.0,0.0,0.7142857142857143
mn-ues-hosp,2024,16,12,10,6,4,6,0.625,0.375,0.25,0.375,0.6666666666666666,0.6875,0.0625,0.7,0.1,0.6666666666666666,0.0,4.25,0.8625,street_food,0.2516611478423583,0.625,0.0,0.0,0.0,0.0,0.625
mn-ues-hosp,2025,55,24,22,17,5,33,0.4,0.3090909090909091,0.09090909090909091,0.6,0.29411764705882354,0.7090909090909091,0.10909090909090909,0.7727272727272727,0.09090909090909091,0.6666666666666666,0.12121212121212122,4.036363636363636,0.8381818181818184,street_food,0.11439143083743562,0.4,0.0,0.0,0.0,0.0,0.4
mn-ues-hosp,2026,42,20,14,5,9,28,0.3333333333333333,0.11904761904761904,0.21428571428571427,0.6666666666666666,1.8,0.6190476190476191,0.2619047619047619,0.6428571428571429,0.2857142857142857,0.6071428571428571,0.25,3.9047619047619047,0.7904761904761906,middle_eastern,0.17975796274454167,0.3333333333333333,0.0,0.0,0.0,0.0,0.3333333333333333
nta-bk0101,2022,3,2,0,0,0,3,0.0,0.0,0.0,1.0,0.0,0.6666666666666666,0.3333333333333333,0.0,0.0,0.6666666666666666,0.3333333333333333,4.0,0.8666666666666667,other,0.0,0.0,0.0,0.0,0.0,0.0,0.0
nta-bk0101,2023,9,6,0,0,0,9,0.0,0.0,0.0,1.0,0.0,0.7777777777777778,0.2222222222222222,0.0,0.0,0.7777777777777778,0.2222222222222222,3.888888888888889,0.9222222222222223,other,0.0,0.0,0.0,0.0,0.0,0.0,0.0
nta-bk0101,2024,17,12,4,2,2,13,0.23529411764705882,0.11764705882352941,0.11764705882352941,0.7647058823529411,1.0,0.5294117647058824,0.17647058823529413,0.75,0.0,0.46153846153846156,0.23076923076923078,3.9411764705882355,0.8823529411764706,middle_eastern,0.14433756729740643,0.23529411764705882,0.0,0.0,0.0,0.0,0.23529411764705882
nta-bk0101,2025,51,17,12,4,8,39,0.23529411764705882,0.0784313725490196,0.1568627450980392,0.7647058823529411,2.0,0.6078431372549019,0.23529411764705882,0.8333333333333334,0.08333333333333333,0.5384615384615384,0.28205128205128205,3.5098039215686274,0.8627450980392157,middle_eastern,0.20412414523193154,0.23529411764705882,0.0,0.0,0.0,0.0,0.23529411764705882
nta-bk0101,2026,14,8,2,0,2,12,0.14285714285714285,0.0,0.14285714285714285,0.8571428571428571,2.0,0.7142857142857143,0.07142857142857142,1.0,0.0,0.6666666666666666,0.08333333333333333,4.428571428571429,0.8571428571428573,fine_dining,0.0,0.14285714285714285,0.0,0.0,0.0,0.0,0.14285714285714285
nta-bk0103,2022,6,2,3,3,0,3,0.5,0.5,0.0,0.5,0.0,0.5,0.5,0.6666666666666666,0.3333333333333333,0.3333333333333333,0.6666666666666666,3.3333333333333335,0.5,other,0.0,0.5,0.0,0.0,0.0,0.0,0.5
nta-bk0103,2023,2,1,0,0,0,2,0.0,0.0,0.0,1.0,0.0,0.0,0.0,0.0,0.0,0.0,0.0,4.5,0.9,other,0.0,0.0,0.0,0.0,0.0,0.0,0.0
nta-bk0103,2024,2,1,0,0,0,2,0.0,0.0,0.0,1.0,0.0,1.0,0.0,0.0,0.0,1.0,0.0,4.5,0.9,other,0.0,0.0,0.0,0.0,0.0,0.0,0.0
nta-bk0103,2025,1,1,1,1,0,0,1.0,1.0,0.0,0.0,0.0,1.0,0.0,1.0,0.0,0.0,0.0,5.0,1.0,other,0.0,1.0,0.0,0.0,0.0,0.0,1.0
nta-bk0103,2026,1,1,0,0,0,1,0.0,0.0,0.0,1.0,0.0,0.0,1.0,0.0,0.0,0.0,1.0,1.0,0.0,other,0.0,0.0,0.0,0.0,0.0,0.0,0.0
nta-bk0104,2022,6,6,2,1,1,4,0.3333333333333333,0.16666666666666666,0.16666666666666666,0.6666666666666666,1.0,0.3333333333333333,0.3333333333333333,1.0,0.0,0.0,0.5,3.3333333333333335,0.8500000000000001,other,0.0,0.3333333333333333,0.0,0.0,0.0,0.0,0.3333333333333333
nta-bk0104,2023,8,4,4,1,3,4,0.5,0.125,0.375,0.5,3.0,0.875,0.0,0.75,0.0,1.0,0.0,4.875,0.7875000000000001,middle_eastern,0.3535533905932738,0.5,0.0,0.0,0.0,0.0,0.5
nta-bk0104,2024,8,5,3,3,0,5,0.375,0.375,0.0,0.625,0.0,0.375,0.375,0.6666666666666666,0.3333333333333333,0.2,0.4,3.625,0.9125,other,0.23570226039551584,0.375,0.0,0.0,0.0,0.0,0.375
nta-bk0104,2025,20,11,5,5,0,15,0.25,0.25,0.0,0.75,0.0,0.7,0.1,1.0,0.0,0.6,0.13333333333333333,4.35,0.835,south_asian,0.42426406871192857,0.25,0.0,0.0,0.0,0.0,0.25
nta-bk0104,2026,25,8,5,4,1,20,0.2,0.16,0.04,0.8,0.25,0.8,0.04,0.8,0.0,0.8,0.05,4.52,0.89,south_asian,0.42426406871192857,0.2,0.0,0.0,0.0,0.0,0.2
nta-bk0201,2022,3,2,1,1,0,2,0.3333333333333333,0.3333333333333333,0.0,0.6666666666666666,0.0,0.6666666666666666,0.3333333333333333,0.0,1.0,1.0,0.0,4.666666666666667,0.9333333333333332,street_food,0.0,0.3333333333333333,0.0,0.0,0.0,0.0,0.3333333333333333
nta-bk0201,2023,6,4,3,2,1,3,0.5,0.3333333333333333,0.16666666666666666,0.5,0.5,0.5,0.16666666666666666,0.3333333333333333,0.3333333333333333,0.6666666666666666,0.0,3.6666666666666665,0.9166666666666666,street_food,0.23570226039551584,0.5,0.0,0.0,0.0,0.0,0.5
nta-bk0201,2024,9,6,4,3,1,5,0.4444444444444444,0.3333333333333333,0.1111111111111111,0.5555555555555556,0.3333333333333333,0.7777777777777778,0.1111111111111111,1.0,0.0,0.6,0.2,4.0,0.9222222222222223,middle_eastern,0.14433756729740643,0.4444444444444444,0.0,0.0,0.0,0.0,0.4444444444444444
nta-bk0201,2025,36,14,13,5,8,23,0.3611111111111111,0.1388888888888889,0.2222222222222222,0.6388888888888888,1.6,0.6666666666666666,0.16666666666666666,0.7692307692307693,0.15384615384615385,0.6086956521739131,0.17391304347826086,4.083333333333333,0.8833333333333333,middle_eastern,0.2023042799751218,0.3611111111111111,0.0,0.0,0.0,0.0,0.3611111111111111
nta-bk0201,2026,26,11,15,5,10,11,0.5769230769230769,0.19230769230769232,0.38461538461538464,0.4230769230769231,2.0,0.6923076923076923,0.11538461538461539,0.8,0.0,0.5454545454545454,0.2727272727272727,4.230769230769231,0.8538461538461538,middle_eastern,0.14782371884055634,0.5769230769230769,0.0,0.0,0.0,0.0,0.5769230769230769
nta-bk0204,2022,5,4,1,1,0,4,0.2,0.2,0.0,0.8,0.0,0.8,0.2,1.0,0.0,0.75,0.25,4.4,0.9400000000000001,other,0.0,0.2,0.0,0.0,0.0,0.0,0.2
nta-bk0204,2023,5,2,0,0,0,5,0.0,0.0,0.0,1.0,0.0,0.4,0.4,0.0,0.0,0.4,0.4,3.2,0.96,other,0.0,0.0,0.0,0.0,0.0,0.0,0.0
nta-bk0204,2024,9,6,3,3,0,6,0.3333333333333333,0.3333333333333333,0.0,0.6666666666666666,0.0,0.2222222222222222,0.3333333333333333,0.0,0.3333333333333333,0.3333333333333333,0.3333333333333333,3.2222222222222223,0.8666666666666667,fast_casual,0.0,0.3333333333333333,0.0,0.0,0.0,0.0,0.3333333333333333
nta-bk0204,2025,14,5,2,2,0,12,0.14285714285714285,0.14285714285714285,0.0,0.8571428571428571,0.0,0.7142857142857143,0.07142857142857142,0.5,0.0,0.75,0.08333333333333333,4.357142857142857,0.8571428571428571,other,0.0,0.14285714285714285,0.0,0.0,0.0,0.0,0.14285714285714285
nta-bk0204,2026,8,5,3,2,1,5,0.375,0.25,0.125,0.625,0.5,0.625,0.25,0.3333333333333333,0.3333333333333333,0.8,0.2,4.125,0.725,fast_casual,0.23570226039551584,0.375,0.0,0.0,0.0,0.0,0.375
nta-bk0301,2022,4,3,0,0,0,4,0.0,0.0,0.0,1.0,0.0,0.25,0.25,0.0,0.0,0.25,0.25,4.0,0.475,other,0.0,0.0,0.0,0.0,0.0,0.0,0.0
nta-bk0301,2023,11,7,0,0,0,11,0.0,0.0,0.0,1.0,0.0,0.6363636363636364,0.36363636363636365,0.0,0.0,0.6363636363636364,0.36363636363636365,3.6363636363636362,0.7181818181818183,other,0.0,0.0,0.0,0.0,0.0,0.0,0.0
nta-bk0301,2024,11,6,6,3,3,5,0.5454545454545454,0.2727272727272727,0.2727272727272727,0.45454545454545453,1.0,0.5454545454545454,0.36363636363636365,0.8333333333333334,0.0,0.2,0.8,3.6363636363636362,0.8727272727272727,fast_casual,0.16666666666666669,0.5454545454545454,0.0,0.0,0.0,0.0,0.5454545454545454
nta-bk0301,2025,14,6,11,10,1,3,0.7857142857142857,0.7142857142857143,0.07142857142857142,0.21428571428571427,0.1,0.8571428571428571,0.0,0.9090909090909091,0.0,0.6666666666666666,0.0,4.428571428571429,0.9785714285714285,other,0.15525682978726663,0.7857142857142857,0.0,0.0,0.0,0.0,0.7857142857142857
nta-bk0301,2026,4,3,4,3,1,0,1.0,0.75,0.25,0.0,0.3333333333333333,0.75,0.25,0.75,0.25,0.0,0.0,4.25,0.925,south_asian,0.3535533905932738,1.0,0.0,0.0,0.0,0.0,1.0
nta-bk0302,2022,2,2,0,0,0,2,0.0,0.0,0.0,1.0,0.0,0.0,0.5,0.0,0.0,0.0,0.5,3.5,0.8500000000000001,other,0.0,0.0,0.0,0.0,0.0,0.0,0.0
nta-bk0302,2023,7,4,1,1,0,6,0.14285714285714285,0.14285714285714285,0.0,0.8571428571428571,0.0,0.7142857142857143,0.2857142857142857,0.0,1.0,0.8333333333333334,0.16666666666666666,3.7142857142857144,0.8714285714285713,other,0.0,0.14285714285714285,0.0,0.0,0.0,0.0,0.14285714285714285
nta-bk0302,2024,9,4,4,3,1,5,0.4444444444444444,0.3333333333333333,0.1111111111111111,0.5555555555555556,0.3333333333333333,0.5555555555555556,0.3333333333333333,0.5,0.25,0.6,0.4,3.888888888888889,0.8999999999999999,other,0.14433756729740643,0.4444444444444444,0.0,0.0,0.0,0.0,0.4444444444444444
nta-bk0302,2025,11,6,4,4,0,7,0.36363636363636365,0.36363636363636365,0.0,0.6363636363636364,0.0,0.8181818181818182,0.18181818181818182,1.0,0.0,0.7142857142857143,0.2857142857142857,4.181818181818182,0.9,fast_casual,0.0,0.36363636363636365,0.0,0.0,0.0,0.0,0.36363636363636365
nta-bk0302,2026,8,4,6,5,1,2,0.75,0.625,0.125,0.25,0.2,0.625,0.25,0.8333333333333334,0.16666666666666666,0.0,0.5,3.5,0.95,other,0.23570226039551584,0.75,0.0,0.0,0.0,0.0,0.75
nta-bk0601,2022,1,1,0,0,0,1,0.0,0.0,0.0,1.0,0.0,0.0,0.0,0.0,0.0,0.0,0.0,2.0,0.5,other,0.0,0.0,0.0,0.0,0.0,0.0,0.0
nta-bk0601,2023,1,1,1,0,1,0,1.0,0.0,1.0,0.0,1.0,1.0,0.0,1.0,0.0,0.0,0.0,5.0,0.8,middle_eastern,0.0,1.0,0.0,0.0,0.0,0.0,1.0
nta-bk0601,2024,10,6,6,2,4,4,0.6,0.2,0.4,0.4,2.0,0.5,0.1,0.6666666666666666,0.0,0.25,0.25,4.3,0.8699999999999999,middle_eastern,0.47140452079103173,0.6,0.0,0.0,0.0,0.0,0.6
nta-bk0601,2025,21,9,10,3,7,11,0.47619047619047616,0.14285714285714285,0.3333333333333333,0.5238095238095238,2.3333333333333335,0.5714285714285714,0.047619047619047616,0.7,0.0,0.45454545454545453,0.09090909090909091,4.476190476190476,0.7238095238095239,middle_eastern,0.5656854249492381,0.47619047619047616,0.0,0.0,0.0,0.0,0.47619047619047616
nta-bk0601,2026,20,8,5,2,3,15,0.25,0.1,0.15,0.75,1.5,0.65,0.2,0.8,0.2,0.6,0.2,4.1,0.705,middle_eastern,0.0,0.25,0.0,0.0,0.0,0.0,0.25
nta-bk1601,2024,1,1,0,0,0,1,0.0,0.0,0.0,1.0,0.0,0.0,1.0,0.0,0.0,0.0,1.0,1.0,0.6,other,0.0,0.0,0.0,0.0,0.0,0.0,0.0
nta-bk1601,2025,4,1,0,0,0,4,0.0,0.0,0.0,1.0,0.0,0.0,0.75,0.0,0.0,0.0,0.75,1.0,0.6,other,0.0,0.0,0.0,0.0,0.0,0.0,0.0
nta-bk1601,2026,1,1,0,0,0,1,0.0,0.0,0.0,1.0,0.0,0.0,1.0,0.0,0.0,0.0,1.0,1.0,0.6,other,0.0,0.0,0.0,0.0,0.0,0.0,0.0
nta-bx0401,2022,1,1,1,1,0,0,1.0,1.0,0.0,0.0,0.0,0.0,1.0,0.0,1.0,0.0,0.0,1.0,0.9,fast_casual,0.0,1.0,0.0,0.0,0.0,0.0,1.0
nta-bx0401,2023,6,4,2,2,0,4,0.3333333333333333,0.3333333333333333,0.0,0.6666666666666666,0.0,0.5,0.3333333333333333,1.0,0.0,0.25,0.5,3.3333333333333335,0.9500000000000001,fast_casual,0.0,0.3333333333333333,0.0,0.0,0.0,0.0,0.3333333333333333
nta-bx0401,2024,1,1,1,1,0,0,1.0,1.0,0.0,0.0,0.0,0.0,0.0,0.0,0.0,0.0,0.0,5.0,1.0,other,0.0,1.0,0.0,0.0,0.0,0.0,1.0
nta-bx0401,2025,20,8,3,3,0,17,0.15,0.15,0.0,0.85,0.0,0.55,0.1,0.6666666666666666,0.0,0.5294117647058824,0.11764705882352941,4.15,0.9225,other,0.23570226039551584,0.15,0.0,0.0,0.0,0.0,0.15
nta-bx0401,2026,5,4,3,3,0,2,0.6,0.6,0.0,0.4,0.0,0.2,0.6,0.0,0.6666666666666666,0.5,0.5,2.6,0.96,other,0.23570226039551584,0.6,0.0,0.0,0.0,0.0,0.6
nta-bx0403,2022,1,1,0,0,0,1,0.0,0.0,0.0,1.0,0.0,0.0,1.0,0.0,0.0,0.0,1.0,1.0,0.8,other,0.0,0.0,0.0,0.0,0.0,0.0,0.0
nta-bx0403,2024,2,1,1,1,0,1,0.5,0.5,0.0,0.5,0.0,0.5,0.0,1.0,0.0,0.0,0.0,3.0,0.9,other,0.0,0.5,0.0,0.0,0.0,0.0,0.5
nta-bx0403,2025,1,1,0,0,0,1,0.0,0.0,0.0,1.0,0.0,1.0,0.0,0.0,0.0,1.0,0.0,5.0,0.8,other,0.0,0.0,0.0,0.0,0.0,0.0,0.0
nta-bx0501,2022,1,1,0,0,0,1,0.0,0.0,0.0,1.0,0.0,0.0,0.0,0.0,0.0,0.0,0.0,5.0,0.9,other,0.0,0.0,0.0,0.0,0.0,0.0,0.0
nta-bx0501,2023,1,1,0,0,0,1,0.0,0.0,0.0,1.0,0.0,0.0,1.0,0.0,0.0,0.0,1.0,2.0,0.8,other,0.0,0.0,0.0,0.0,0.0,0.0,0.0
nta-bx0501,2024,2,1,0,0,0,2,0.0,0.0,0.0,1.0,0.0,0.5,0.5,0.0,0.0,0.5,0.5,2.5,0.8,other,0.0,0.0,0.0,0.0,0.0,0.0,0.0
nta-bx0501,2025,2,1,0,0,0,2,0.0,0.0,0.0,1.0,0.0,0.0,1.0,0.0,0.0,0.0,1.0,1.0,0.8,other,0.0,0.0,0.0,0.0,0.0,0.0,0.0
nta-bx0802,2024,2,1,2,2,0,0,1.0,1.0,0.0,0.0,0.0,0.5,0.0,0.5,0.0,0.0,0.0,4.5,1.0,south_asian,0.0,1.0,0.0,0.0,0.0,0.0,1.0
nta-bx0802,2025,2,1,2,2,0,0,1.0,1.0,0.0,0.0,0.0,0.0,0.5,0.0,0.5,0.0,0.0,1.5,1.0,south_asian,0.0,1.0,0.0,0.0,0.0,0.0,1.0
nta-mn0191,2024,2,1,1,0,1,1,0.5,0.0,0.5,0.5,1.0,1.0,0.0,1.0,0.0,1.0,0.0,4.5,0.75,other,0.0,0.5,0.0,0.0,0.0,0.0,0.5
nta-mn0191,2025,4,1,3,0,3,1,0.75,0.0,0.75,0.25,3.0,0.75,0.25,0.6666666666666666,0.3333333333333333,1.0,0.0,4.0,0.725,other,0.0,0.75,0.0,0.0,0.0,0.0,0.75
nta-mn0203,2022,1,1,0,0,0,1,0.0,0.0,0.0,1.0,0.0,1.0,0.0,0.0,0.0,1.0,0.0,5.0,1.0,other,0.0,0.0,0.0,0.0,0.0,0.0,0.0
nta-mn0203,2023,2,2,0,0,0,2,0.0,0.0,0.0,1.0,0.0,0.0,0.5,0.0,0.0,0.0,0.5,2.0,0.9,other,0.0,0.0,0.0,0.0,0.0,0.0,0.0
nta-mn0203,2024,11,7,1,1,0,10,0.09090909090909091,0.09090909090909091,0.0,0.9090909090909091,0.0,0.5454545454545454,0.18181818181818182,1.0,0.0,0.5,0.2,3.8181818181818183,0.8454545454545456,other,0.0,0.09090909090909091,0.0,0.0,0.0,0.0,0.09090909090909091
nta-mn0203,2025,34,15,15,8,7,19,0.4411764705882353,0.23529411764705882,0.20588235294117646,0.5588235294117647,0.875,0.7352941176470589,0.17647058823529413,0.7333333333333333,0.2,0.7368421052631579,0.15789473684210525,4.176470588235294,0.8029411764705882,other,0.033333333333333326,0.4411764705882353,0.0,0.11764705882352941,0.0,0.0,0.4411764705882353
nta-mn0203,2026,63,18,7,6,1,56,0.1111111111111111,0.09523809523809523,0.015873015873015872,0.8888888888888888,0.16666666666666666,0.6666666666666666,0.09523809523809523,0.5714285714285714,0.0,0.6785714285714286,0.10714285714285714,4.301587301587301,0.7714285714285714,fine_dining,0.21821789023599236,0.1111111111111111,0.0,0.0,0.0,0.0,0.1111111111111111
nta-mn0301,2022,1,1,0,0,0,1,0.0,0.0,0.0,1.0,0.0,1.0,0.0,0.0,0.0,1.0,0.0,5.0,0.0,other,0.0,0.0,0.0,0.0,0.0,0.0,0.0
nta-mn0301,2023,3,2,0,0,0,3,0.0,0.0,0.0,1.0,0.0,0.3333333333333333,0.0,0.0,0.0,0.3333333333333333,0.0,3.6666666666666665,0.6,other,0.0,0.0,0.0,0.0,0.0,0.0,0.0
nta-mn0301,2024,9,5,3,3,0,6,0.3333333333333333,0.3333333333333333,0.0,0.6666666666666666,0.0,0.7777777777777778,0.0,0.6666666666666666,0.0,0.8333333333333334,0.0,4.444444444444445,0.8666666666666667,street_food,0.23570226039551584,0.3333333333333333,0.0,0.0,0.0,0.0,0.3333333333333333
nta-mn0301,2025,23,14,7,7,0,16,0.30434782608695654,0.30434782608695654,0.0,0.6956521739130435,0.0,0.8260869565217391,0.13043478260869565,1.0,0.0,0.75,0.1875,4.0,0.9,other,0.30304576336566325,0.30434782608695654,0.0,0.0,0.0,0.0,0.30434782608695654
nta-mn0301,2026,49,17,11,7,4,38,0.22448979591836735,0.14285714285714285,0.08163265306122448,0.7755102040816326,0.5714285714285714,0.6530612244897959,0.16326530612244897,0.5454545454545454,0.2727272727272727,0.6842105263157895,0.13157894736842105,4.163265306122449,0.8857142857142857,other,0.5785419118799024,0.22448979591836735,0.0,0.0,0.0,0.0,0.22448979591836735
nta-mn0302,2022,1,1,1,1,0,0,1.0,1.0,0.0,0.0,0.0,1.0,0.0,1.0,0.0,0.0,0.0,5.0,1.0,street_food,0.0,1.0,0.0,0.0,0.0,0.0,1.0
nta-mn0302,2023,3,2,3,1,2,0,1.0,0.3333333333333333,0.6666666666666666,0.0,2.0,1.0,0.0,1.0,0.0,0.0,0.0,5.0,0.8333333333333334,middle_eastern,0.23570226039551584,1.0,0.0,0.0,0.0,0.0,1.0
nta-mn0302,2024,11,8,8,8,0,3,0.7272727272727273,0.7272727272727273,0.0,0.2727272727272727,0.0,0.9090909090909091,0.0,0.875,0.0,1.0,0.0,4.636363636363637,0.9636363636363637,street_food,0.10206207261596575,0.7272727272727273,0.0,0.0,0.0,0.0,0.7272727272727273
nta-mn0302,2025,46,17,28,22,6,18,0.6086956521739131,0.4782608695652174,0.13043478260869565,0.391304347826087,0.2727272727272727,0.6956521739130435,0.10869565217391304,0.5357142857142857,0.17857142857142858,0.9444444444444444,0.0,3.9130434782608696,0.893478260869565,other,0.15485345277627716,0.6086956521739131,0.0,0.0,0.0,0.0,0.6086956521739131
nta-mn0302,2026,31,14,10,5,5,21,0.3225806451612903,0.16129032258064516,0.16129032258064516,0.6774193548387096,1.0,0.7419354838709677,0.06451612903225806,0.8,0.1,0.7142857142857143,0.047619047619047616,4.387096774193548,0.8354838709677418,fast_casual,0.09999999999999999,0.3225806451612903,0.0,0.0,0.0,0.0,0.3225806451612903
nta-mn0303,2022,2,2,1,1,0,1,0.5,0.5,0.0,0.5,0.0,0.5,0.0,0.0,0.0,1.0,0.0,4.5,0.95,middle_eastern,0.0,0.5,0.0,0.0,0.0,0.0,0.5
nta-mn0303,2023,15,9,13,11,2,2,0.8666666666666667,0.7333333333333333,0.13333333333333333,0.13333333333333333,0.18181818181818182,0.6,0.2,0.6153846153846154,0.23076923076923078,0.5,0.0,4.0,0.9133333333333333,street_food,0.38074980525429486,0.8666666666666667,0.0,0.0,0.0,0.0,0.8666666666666667
nta-mn0303,2024,29,22,11,8,3,18,0.3793103448275862,0.27586206896551724,0.10344827586206896,0.6206896551724138,0.375,0.5862068965517241,0.13793103448275862,0.6363636363636364,0.2727272727272727,0.5555555555555556,0.05555555555555555,3.8620689655172415,0.8517241379310343,street_food,0.14937887931959073,0.3793103448275862,0.0,0.0,0.0,0.0,0.3793103448275862
nta-mn0303,2025,125,50,33,21,12,92,0.264,0.168,0.096,0.736,0.5714285714285714,0.632,0.12,0.7575757575757576,0.06060606060606061,0.5869565217391305,0.14130434782608695,4.192,0.8480000000000002,other,0.10967855194456883,0.264,0.0,0.0,0.0,0.0,0.264
nta-mn0303,2026,122,44,43,16,27,79,0.3524590163934426,0.13114754098360656,0.22131147540983606,0.6475409836065574,1.6875,0.7131147540983607,0.07377049180327869,0.7674418604651163,0.046511627906976744,0.6835443037974683,0.08860759493670886,4.319672131147541,0.8295081967213117,middle_eastern,0.11463960505922081,0.3524590163934426,0.0,0.0,0.0,0.0,0.3524590163934426
nta-mn0402,2022,4,3,1,0,1,3,0.25,0.0,0.25,0.75,1.0,0.25,0.25,1.0,0.0,0.0,0.3333333333333333,2.5,0.825,fast_casual,0.0,0.25,0.0,0.0,0.0,0.0,0.25
nta-mn0402,2023,6,6,1,0,1,5,0.16666666666666666,0.0,0.16666666666666666,0.8333333333333334,1.0,0.6666666666666666,0.0,1.0,0.0,0.6,0.0,4.666666666666667,0.7833333333333333,fast_casual,0.0,0.16666666666666666,0.0,0.0,0.0,0.0,0.16666666666666666
nta-mn0402,2024,24,15,5,2,3,19,0.20833333333333334,0.08333333333333333,0.125,0.7916666666666666,1.5,0.75,0.041666666666666664,0.8,0.2,0.7368421052631579,0.0,4.416666666666667,0.8208333333333333,fast_casual,0.23094010767585027,0.20833333333333334,0.0,0.0,0.0,0.0,0.20833333333333334
nta-mn0402,2025,89,35,30,25,5,59,0.33707865168539325,0.2808988764044944,0.056179775280898875,0.6629213483146067,0.2,0.7303370786516854,0.1348314606741573,0.7333333333333333,0.1,0.7288135593220338,0.15254237288135594,4.179775280898877,0.901123595505618,middle_eastern,0.21858128414340003,0.33707865168539325,0.0,0.0,0.0,0.0,0.33707865168539325
nta-mn0402,2026,116,38,33,19,14,83,0.28448275862068967,0.16379310344827586,0.1206896551724138,0.7155172413793104,0.7368421052631579,0.7586206896551724,0.08620689655172414,0.8787878787878788,0.06060606060606061,0.7108433734939759,0.0963855421686747,4.370689655172414,0.8719827586206897,middle_eastern,0.155404623090401,0.28448275862068967,0.0,0.0,0.0,0.0,0.28448275862068967
nta-mn0501,2022,6,5,2,2,0,4,0.3333333333333333,0.3333333333333333,0.0,0.6666666666666666,0.0,0.3333333333333333,0.5,0.5,0.5,0.25,0.5,3.0,0.9166666666666666,street_food,0.0,0.3333333333333333,0.0,0.0,0.0,0.0,0.3333333333333333
nta-mn0501,2023,6,5,5,5,0,1,0.8333333333333334,0.8333333333333334,0.0,0.16666666666666666,0.0,0.6666666666666666,0.0,0.8,0.0,0.0,0.0,4.333333333333333,0.9666666666666667,street_food,0.42426406871192857,0.8333333333333334,0.0,0.0,0.0,0.0,0.8333333333333334
nta-mn0501,2024,9,7,5,5,0,4,0.5555555555555556,0.5555555555555556,0.0,0.4444444444444444,0.0,0.6666666666666666,0.2222222222222222,1.0,0.0,0.25,0.5,3.888888888888889,0.9444444444444444,street_food,0.42426406871192857,0.5555555555555556,0.0,0.0,0.0,0.0,0.5555555555555556
nta-mn0501,2025,52,22,31,25,6,21,0.5961538461538461,0.4807692307692308,0.11538461538461539,0.40384615384615385,0.24,0.7692307692307693,0.038461538461538464,0.7741935483870968,0.06451612903225806,0.7619047619047619,0.0,4.365384615384615,0.8423076923076922,street_food,0.13526608199364648,0.5961538461538461,0.0,0.0,0.0,0.0,0.5961538461538461
nta-mn0501,2026,75,23,20,14,6,55,0.26666666666666666,0.18666666666666668,0.08,0.7333333333333333,0.42857142857142855,0.6,0.06666666666666667,0.65,0.1,0.5818181818181818,0.05454545454545454,4.16,0.8733333333333333,fast_casual,0.10801234497346432,0.26666666666666666,0.0,0.0,0.0,0.0,0.26666666666666666
nta-mn0602,2022,2,2,0,0,0,2,0.0,0.0,0.0,1.0,0.0,0.5,0.5,0.0,0.0,0.5,0.5,2.0,0.9,other,0.0,0.0,0.0,0.0,0.0,0.0,0.0
nta-mn0602,2023,6,3,2,2,0,4,0.3333333333333333,0.3333333333333333,0.0,0.6666666666666666,0.0,0.6666666666666666,0.3333333333333333,0.5,0.5,0.75,0.25,3.8333333333333335,0.9333333333333335,street_food,0.0,0.3333333333333333,0.0,0.0,0.0,0.0,0.3333333333333333
nta-mn0602,2024,9,6,7,5,2,2,0.7777777777777778,0.5555555555555556,0.2222222222222222,0.2222222222222222,0.4,0.5555555555555556,0.0,0.5714285714285714,0.0,0.5,0.0,4.333333333333333,0.8999999999999999,south_asian,0.21821789023599236,0.7777777777777778,0.0,0.0,0.0,0.0,0.7777777777777778
nta-mn0602,2025,34,12,13,12,1,21,0.38235294117647056,0.35294117647058826,0.029411764705882353,0.6176470588235294,0.08333333333333333,0.5882352941176471,0.17647058823529413,0.5384615384615384,0.38461538461538464,0.6190476190476191,0.047619047619047616,3.9705882352941178,0.9205882352941176,other,0.1175019408963036,0.38235294117647056,0.0,0.0,0.0,0.0,0.38235294117647056
nta-mn0602,2026,27,12,5,5,0,22,0.18518518518518517,0.18518518518518517,0.0,0.8148148148148148,0.0,0.9629629629629629,0.0,1.0,0.0,0.9545454545454546,0.0,4.666666666666667,0.914814814814815,south_asian,0.1,0.18518518518518517,0.0,0.0,0.0,0.0,0.18518518518518517
nta-mn0603,2022,3,3,0,0,0,3,0.0,0.0,0.0,1.0,0.0,0.3333333333333333,0.3333333333333333,0.0,0.0,0.3333333333333333,0.3333333333333333,3.6666666666666665,0.3333333333333333,other,0.0,0.0,0.0,0.0,0.0,0.0,0.0
nta-mn0603,2023,3,2,0,0,0,3,0.0,0.0,0.0,1.0,0.0,0.0,1.0,0.0,0.0,0.0,1.0,1.0,0.3,other,0.0,0.0,0.0,0.0,0.0,0.0,0.0
nta-mn0603,2024,14,10,9,6,3,5,0.6428571428571429,0.42857142857142855,0.21428571428571427,0.35714285714285715,0.5,0.6428571428571429,0.07142857142857142,0.5555555555555556,0.0,0.8,0.2,4.428571428571429,0.6357142857142858,fast_casual,0.13981174880131017,0.6428571428571429,0.0,0.0,0.0,0.0,0.6428571428571429
nta-mn0603,2025,52,19,21,15,6,31,0.40384615384615385,0.28846153846153844,0.11538461538461539,0.5961538461538461,0.4,0.5576923076923077,0.17307692307692307,0.6190476190476191,0.09523809523809523,0.5161290322580645,0.22580645161290322,3.826923076923077,0.7615384615384614,fast_casual,0.16206807822747726,0.40384615384615385,0.0,0.0,0.0,0.0,0.40384615384615385
nta-mn0603,2026,29,15,9,6,3,20,0.3103448275862069,0.20689655172413793,0.10344827586206896,0.6896551724137931,0.5,0.6551724137931034,0.1724137931034483,0.4444444444444444,0.2222222222222222,0.75,0.15,3.7586206896551726,0.7931034482758621,middle_eastern,0.3849001794597505,0.3103448275862069,0.0,0.0,0.0,0.034482758620689655,0.3103448275862069
nta-mn0701,2022,1,1,0,0,0,1,0.0,0.0,0.0,1.0,0.0,1.0,0.0,0.0,0.0,1.0,0.0,5.0,0.9,other,0.0,0.0,0.0,0.0,0.0,0.0,0.0
nta-mn0701,2023,3,3,1,1,0,2,0.3333333333333333,0.3333333333333333,0.0,0.6666666666666666,0.0,1.0,0.0,1.0,0.0,1.0,0.0,5.0,0.8666666666666666,street_food,0.0,0.3333333333333333,0.0,0.0,0.0,0.0,0.3333333333333333
nta-mn0701,2024,11,7,6,5,1,5,0.5454545454545454,0.45454545454545453,0.09090909090909091,0.45454545454545453,0.2,0.8181818181818182,0.09090909090909091,1.0,0.0,0.6,0.2,4.363636363636363,0.9272727272727272,street_food,0.47140452079103173,0.5454545454545454,0.0,0.0,0.0,0.0,0.5454545454545454
nta-mn0701,2025,31,13,15,6,9,16,0.4838709677419355,0.1935483870967742,0.2903225806451613,0.5161290322580645,1.5,0.7096774193548387,0.12903225806451613,0.8666666666666667,0.06666666666666667,0.5625,0.1875,4.161290322580645,0.8645161290322577,street_food,0.12472191289246472,0.4838709677419355,0.0,0.0,0.0,0.0,0.4838709677419355
nta-mn0701,2026,35,13,12,3,9,23,0.34285714285714286,0.08571428571428572,0.2571428571428571,0.6571428571428571,3.0,0.5714285714285714,0.2571428571428571,0.5833333333333334,0.25,0.5652173913043478,0.2608695652173913,3.8,0.8771428571428571,middle_eastern,0.18002057495577392,0.34285714285714286,0.0,0.0,0.0,0.0,0.34285714285714286
nta-mn0702,2022,5,4,3,1,2,2,0.6,0.2,0.4,0.4,2.0,0.2,0.4,0.3333333333333333,0.3333333333333333,0.0,0.5,3.0,0.86,street_food,0.0,0.6,0.0,0.0,0.0,0.0,0.6
nta-mn0702,2023,16,12,4,4,0,12,0.25,0.25,0.0,0.75,0.0,0.375,0.25,0.25,0.25,0.4166666666666667,0.25,3.625,0.9624999999999999,other,0.14433756729740643,0.25,0.0,0.0,0.0,0.0,0.25
nta-mn0702,2024,27,20,10,3,7,17,0.37037037037037035,0.1111111111111111,0.25925925925925924,0.6296296296296297,2.3333333333333335,0.6666666666666666,0.14814814814814814,0.8,0.0,0.5882352941176471,0.23529411764705882,3.962962962962963,0.8740740740740739,middle_eastern,0.12909944487358055,0.37037037037037035,0.0,0.0,0.0,0.0,0.37037037037037035
nta-mn0702,2025,106,36,35,16,19,71,0.330188679245283,0.1509433962264151,0.1792452830188679,0.6698113207547169,1.1875,0.6415094339622641,0.20754716981132076,0.7428571428571429,0.17142857142857143,0.5915492957746479,0.22535211267605634,4.009433962264151,0.8367924528301889,middle_eastern,0.15692625765032456,0.330188679245283,0.0,0.0,0.0,0.0,0.330188679245283
nta-mn0702,2026,68,32,17,13,4,51,0.25,0.19117647058823528,0.058823529411764705,0.75,0.3076923076923077,0.6617647058823529,0.17647058823529413,0.7647058823529411,0.17647058823529413,0.6274509803921569,0.17647058823529413,3.926470588235294,0.8735294117647059,other,0.1146681687624584,0.25,0.0,0.0,0.0,0.0,0.25
nta-mn0703,2022,4,2,0,0,0,4,0.0,0.0,0.0,1.0,0.0,0.25,0.75,0.0,0.0,0.25,0.75,1.5,0.975,other,0.0,0.0,0.0,0.0,0.0,0.0,0.0
nta-mn0703,2024,8,5,7,6,1,1,0.875,0.75,0.125,0.125,0.16666666666666666,0.875,0.0,1.0,0.0,0.0,0.0,4.375,0.95,south_asian,0.07142857142857142,0.875,0.0,0.0,0.0,0.0,0.875
nta-mn0703,2025,39,16,22,20,2,17,0.5641025641025641,0.5128205128205128,0.05128205128205128,0.4358974358974359,0.1,0.6410256410256411,0.1282051282051282,0.6818181818181818,0.13636363636363635,0.5882352941176471,0.11764705882352941,4.128205128205129,0.9435897435897433,other,0.1680384319152942,0.5641025641025641,0.0,0.0,0.0,0.0,0.5641025641025641
nta-mn0703,2026,25,11,7,6,1,18,0.28,0.24,0.04,0.72,0.16666666666666666,0.64,0.2,0.7142857142857143,0.14285714285714285,0.6111111111111112,0.2222222222222222,3.96,0.9359999999999999,fast_casual,0.10101525445522107,0.28,0.0,0.0,0.0,0.0,0.28
nta-mn0802,2022,2,1,0,0,0,2,0.0,0.0,0.0,1.0,0.0,0.5,0.0,0.0,0.0,0.5,0.0,5.0,0.9,other,0.0,0.0,0.0,0.0,0.0,0.0,0.0
nta-mn0802,2023,2,2,1,0,1,1,0.5,0.0,0.5,0.5,1.0,1.0,0.0,1.0,0.0,1.0,0.0,4.5,0.9,middle_eastern,0.0,0.5,0.0,0.0,0.0,0.0,0.5
nta-mn0802,2024,17,8,10,5,5,7,0.5882352941176471,0.29411764705882354,0.29411764705882354,0.4117647058823529,1.0,0.7647058823529411,0.058823529411764705,0.7,0.0,0.8571428571428571,0.14285714285714285,4.0588235294117645,0.9,middle_eastern,0.17320508075688773,0.5882352941176471,0.0,0.0,0.0,0.0,0.5882352941176471
nta-mn0802,2025,43,16,19,11,8,24,0.4418604651162791,0.2558139534883721,0.18604651162790697,0.5581395348837209,0.7272727272727273,0.627906976744186,0.16279069767441862,0.631578947368421,0.21052631578947367,0.625,0.125,4.0,0.8627906976744186,middle_eastern,0.12001846579990925,0.4418604651162791,0.0,0.0,0.0,0.0,0.4418604651162791
nta-mn0802,2026,25,14,11,6,5,14,0.44,0.24,0.2,0.56,0.8333333333333334,0.68,0.12,0.7272727272727273,0.09090909090909091,0.6428571428571429,0.14285714285714285,4.24,0.848,other,0.08703882797784891,0.44,0.0,0.0,0.0,0.0,0.44
nta-mn0803,2022,2,2,1,1,0,1,0.5,0.5,0.0,0.5,0.0,0.5,0.5,1.0,0.0,0.0,1.0,3.0,1.0,street_food,0.0,0.5,0.0,0.0,0.0,0.0,0.5
nta-mn0803,2023,3,2,0,0,0,3,0.0,0.0,0.0,1.0,0.0,1.0,0.0,0.0,0.0,1.0,0.0,4.666666666666667,0.8333333333333334,other,0.0,0.0,0.0,0.0,0.0,0.0,0.0
nta-mn0803,2024,16,9,9,7,2,7,0.5625,0.4375,0.125,0.4375,0.2857142857142857,0.75,0.0625,0.7777777777777778,0.1111111111111111,0.7142857142857143,0.0,4.5,0.91875,street_food,0.2939723678960656,0.5625,0.0,0.0,0.0,0.0,0.5625
nta-mn0803,2025,38,14,10,3,7,28,0.2631578947368421,0.07894736842105263,0.18421052631578946,0.7368421052631579,2.3333333333333335,0.631578947368421,0.13157894736842105,0.9,0.1,0.5357142857142857,0.14285714285714285,4.105263157894737,0.8763157894736842,other,0.1914854215512676,0.2631578947368421,0.0,0.0,0.0,0.0,0.2631578947368421
nta-mn0803,2026,38,13,5,1,4,33,0.13157894736842105,0.02631578947368421,0.10526315789473684,0.868421052631579,4.0,0.7368421052631579,0.07894736842105263,0.8,0.0,0.7272727272727273,0.09090909090909091,4.368421052631579,0.7763157894736841,other,0.42426406871192857,0.13157894736842105,0.0,0.0,0.0,0.0,0.13157894736842105
nta-mn0902,2022,3,3,0,0,0,3,0.0,0.0,0.0,1.0,0.0,1.0,0.0,0.0,0.0,1.0,0.0,4.0,0.9,other,0.0,0.0,0.0,0.0,0.0,0.0,0.0
nta-mn0902,2023,1,1,0,0,0,1,0.0,0.0,0.0,1.0,0.0,1.0,0.0,0.0,0.0,1.0,0.0,4.0,0.9,other,0.0,0.0,0.0,0.0,0.0,0.0,0.0
nta-mn0902,2024,2,2,0,0,0,2,0.0,0.0,0.0,1.0,0.0,0.5,0.5,0.0,0.0,0.5,0.5,3.0,0.8500000000000001,other,0.0,0.0,0.0,0.0,0.0,0.0,0.0
nta-mn0902,2025,5,4,0,0,0,5,0.0,0.0,0.0,1.0,0.0,0.8,0.0,0.0,0.0,0.8,0.0,4.2,0.8,other,0.0,0.0,0.0,0.0,0.0,0.0,0.0
nta-mn0902,2026,4,1,0,0,0,4,0.0,0.0,0.0,1.0,0.0,0.75,0.0,0.0,0.0,0.75,0.0,4.5,0.9,other,0.0,0.0,0.0,0.0,0.0,0.0,0.0
nta-mn0903,2022,6,5,1,1,0,5,0.16666666666666666,0.16666666666666666,0.0,0.8333333333333334,0.0,0.16666666666666666,0.5,0.0,1.0,0.2,0.4,2.6666666666666665,0.8333333333333331,fast_casual,0.0,0.16666666666666666,0.0,0.0,0.0,0.0,0.16666666666666666
nta-mn0903,2023,11,9,3,2,1,8,0.2727272727272727,0.18181818181818182,0.09090909090909091,0.7272727272727273,0.5,0.7272727272727273,0.18181818181818182,1.0,0.0,0.625,0.25,4.181818181818182,0.8727272727272729,fast_casual,0.23570226039551584,0.2727272727272727,0.0,0.0,0.0,0.0,0.2727272727272727
nta-mn0903,2024,10,8,2,1,1,8,0.2,0.1,0.1,0.8,1.0,0.4,0.3,1.0,0.0,0.25,0.375,4.1,0.86,other,0.0,0.2,0.0,0.0,0.0,0.0,0.2
nta-mn0903,2025,23,11,0,0,0,23,0.0,0.0,0.0,1.0,0.0,0.782608695652174,0.08695652173913043,0.0,0.0,0.782608695652174,0.08695652173913043,4.3478260869565215,0.8,other,0.0,0.0,0.0,0.0,0.0,0.0,0.0
nta-mn0903,2026,14,4,0,0,0,14,0.0,0.0,0.0,1.0,0.0,0.8571428571428571,0.07142857142857142,0.0,0.0,0.8571428571428571,0.07142857142857142,4.5,0.8214285714285717,other,0.0,0.0,0.0,0.0,0.0,0.0,0.0
nta-mn1101,2022,3,3,2,1,1,1,0.6666666666666666,0.3333333333333333,0.3333333333333333,0.3333333333333333,1.0,0.3333333333333333,0.3333333333333333,0.5,0.0,0.0,1.0,3.3333333333333335,0.8666666666666667,other,0.0,0.6666666666666666,0.0,0.0,0.0,0.0,0.6666666666666666
nta-mn1101,2023,8,7,0,0,0,8,0.0,0.0,0.0,1.0,0.0,0.875,0.125,0.0,0.0,0.875,0.125,4.125,0.8125,other,0.0,0.0,0.0,0.0,0.0,0.0,0.0
nta-mn1101,2024,13,9,6,6,0,7,0.46153846153846156,0.46153846153846156,0.0,0.5384615384615384,0.0,0.6923076923076923,0.23076923076923078,0.6666666666666666,0.16666666666666666,0.7142857142857143,0.2857142857142857,4.153846153846154,0.9230769230769231,south_asian,0.16666666666666669,0.46153846153846156,0.0,0.0,0.0,0.0,0.46153846153846156
nta-mn1101,2025,15,9,8,8,0,7,0.5333333333333333,0.5333333333333333,0.0,0.4666666666666667,0.0,0.7333333333333333,0.13333333333333333,0.75,0.125,0.7142857142857143,0.14285714285714285,4.133333333333334,0.94,other,0.14433756729740643,0.5333333333333333,0.0,0.0,0.0,0.0,0.5333333333333333
nta-mn1101,2026,6,5,2,2,0,4,0.3333333333333333,0.3333333333333333,0.0,0.6666666666666666,0.0,0.16666666666666666,0.5,0.0,1.0,0.25,0.25,2.5,0.9166666666666666,other,0.0,0.3333333333333333,0.0,0.0,0.0,0.0,0.3333333333333333
nta-mn1102,2022,1,1,0,0,0,1,0.0,0.0,0.0,1.0,0.0,0.0,1.0,0.0,0.0,0.0,1.0,1.0,0.3,other,0.0,0.0,0.0,0.0,0.0,0.0,0.0
nta-mn1102,2023,3,2,2,2,0,1,0.6666666666666666,0.6666666666666666,0.0,0.3333333333333333,0.0,0.6666666666666666,0.3333333333333333,0.5,0.5,1.0,0.0,3.3333333333333335,0.9666666666666667,south_asian,0.0,0.6666666666666666,0.0,0.0,0.0,0.0,0.6666666666666666
nta-mn1102,2024,8,5,3,3,0,5,0.375,0.375,0.0,0.625,0.0,0.875,0.0,0.6666666666666666,0.0,1.0,0.0,4.75,0.9125000000000001,south_asian,0.0,0.375,0.0,0.0,0.0,0.0,0.375
nta-mn1102,2025,17,5,2,2,0,15,0.11764705882352941,0.11764705882352941,0.0,0.8823529411764706,0.0,0.5882352941176471,0.11764705882352941,0.5,0.0,0.6,0.13333333333333333,4.117647058823529,0.7117647058823531,fast_casual,0.0,0.11764705882352941,0.0,0.0,0.0,0.0,0.11764705882352941
nta-mn1102,2026,5,4,0,0,0,5,0.0,0.0,0.0,1.0,0.0,1.0,0.0,0.0,0.0,1.0,0.0,4.0,0.9,other,0.0,0.0,0.0,0.0,0.0,0.0,0.0
nta-mn1201,2022,6,4,2,2,0,4,0.3333333333333333,0.3333333333333333,0.0,0.6666666666666666,0.0,0.16666666666666666,0.6666666666666666,0.0,0.5,0.25,0.75,2.0,0.7666666666666666,other,0.0,0.3333333333333333,0.0,0.0,0.0,0.0,0.3333333333333333
nta-mn1201,2023,10,6,2,2,0,8,0.2,0.2,0.0,0.8,0.0,0.5,0.2,0.5,0.5,0.5,0.125,3.4,0.8299999999999998,street_food,0.0,0.2,0.0,0.0,0.0,0.0,0.2
nta-mn1201,2024,11,8,4,4,0,7,0.36363636363636365,0.36363636363636365,0.0,0.6363636363636364,0.0,0.45454545454545453,0.18181818181818182,0.75,0.0,0.2857142857142857,0.2857142857142857,3.5454545454545454,0.8727272727272727,other,0.0,0.36363636363636365,0.0,0.0,0.0,0.0,0.36363636363636365
nta-mn1201,2025,20,10,9,8,1,11,0.45,0.4,0.05,0.55,0.125,0.25,0.45,0.4444444444444444,0.4444444444444444,0.09090909090909091,0.45454545454545453,2.7,0.9199999999999999,street_food,0.3849001794597505,0.45,0.0,0.0,0.0,0.0,0.45
nta-mn1201,2026,10,5,1,1,0,9,0.1,0.1,0.0,0.9,0.0,0.4,0.4,1.0,0.0,0.3333333333333333,0.4444444444444444,3.0,0.93,street_food,0.0,0.1,0.0,0.0,0.0,0.0,0.1
nta-mn1202,2022,5,3,3,0,3,2,0.6,0.0,0.6,0.4,3.0,0.8,0.2,1.0,0.0,0.5,0.5,4.2,0.56,fine_dining,0.23570226039551584,0.6,0.0,0.0,0.0,0.0,0.6
nta-mn1202,2023,6,5,1,0,1,5,0.16666666666666666,0.0,0.16666666666666666,0.8333333333333334,1.0,0.5,0.3333333333333333,0.0,0.0,0.6,0.4,3.1666666666666665,0.48333333333333334,fast_casual,0.0,0.16666666666666666,0.0,0.0,0.0,0.0,0.16666666666666666
nta-mn1202,2024,8,6,2,1,1,6,0.25,0.125,0.125,0.75,1.0,0.625,0.25,0.0,0.5,0.8333333333333334,0.16666666666666666,3.125,0.55,other,0.0,0.25,0.0,0.0,0.0,0.0,0.25
nta-mn1202,2025,11,5,5,0,5,6,0.45454545454545453,0.0,0.45454545454545453,0.5454545454545454,5.0,0.36363636363636365,0.36363636363636365,0.6,0.4,0.16666666666666666,0.3333333333333333,3.6363636363636362,0.5363636363636363,fast_casual,0.14142135623730948,0.45454545454545453,0.0,0.0,0.0,0.0,0.45454545454545453
nta-mn1202,2026,7,6,3,2,1,4,0.42857142857142855,0.2857142857142857,0.14285714285714285,0.5714285714285714,0.5,0.5714285714285714,0.2857142857142857,0.3333333333333333,0.6666666666666666,0.75,0.0,3.857142857142857,0.7857142857142857,other,0.23570226039551584,0.42857142857142855,0.0,0.0,0.0,0.0,0.42857142857142855
nta-mn1203,2022,1,1,0,0,0,1,0.0,0.0,0.0,1.0,0.0,1.0,0.0,0.0,0.0,1.0,0.0,5.0,0.0,other,0.0,0.0,0.0,0.0,0.0,0.0,0.0
nta-mn1203,2023,1,1,0,0,0,1,0.0,0.0,0.0,1.0,0.0,1.0,0.0,0.0,0.0,1.0,0.0,5.0,0.0,other,0.0,0.0,0.0,0.0,0.0,0.0,0.0
nta-mn1203,2024,4,2,1,1,0,3,0.25,0.25,0.0,0.75,0.0,0.75,0.25,1.0,0.0,0.6666666666666666,0.3333333333333333,4.25,0.325,street_food,0.0,0.25,0.0,0.0,0.0,0.0,0.25
nta-mn1203,2025,8,3,4,4,0,4,0.5,0.5,0.0,0.5,0.0,0.625,0.125,1.0,0.0,0.25,0.25,3.75,0.5375,street_food,0.0,0.5,0.0,0.0,0.0,0.0,0.5
nta-mn1203,2026,2,2,1,1,0,1,0.5,0.5,0.0,0.5,0.0,1.0,0.0,1.0,0.0,1.0,0.0,4.5,0.55,street_food,0.0,0.5,0.0,0.0,0.0,0.0,0.5
nta-mn6491,2023,6,3,0,0,0,6,0.0,0.0,0.0,1.0,0.0,0.16666666666666666,0.5,0.0,0.0,0.16666666666666666,0.5,2.0,0.8333333333333334,other,0.0,0.0,0.0,0.0,0.0,0.0,0.0
nta-mn6491,2024,5,3,0,0,0,5,0.0,0.0,0.0,1.0,0.0,0.2,0.6,0.0,0.0,0.2,0.6,1.8,0.82,other,0.0,0.0,0.0,0.0,0.0,0.0,0.0
nta-mn6491,2025,5,2,0,0,0,5,0.0,0.0,0.0,1.0,0.0,0.8,0.0,0.0,0.0,0.8,0.0,4.8,0.8800000000000001,other,0.0,0.0,0.0,0.0,0.0,0.0,0.0
nta-mn6491,2026,3,2,0,0,0,3,0.0,0.0,0.0,1.0,0.0,0.6666666666666666,0.3333333333333333,0.0,0.0,0.6666666666666666,0.3333333333333333,3.6666666666666665,0.8666666666666667,other,0.0,0.0,0.0,0.0,0.0,0.0,0.0
nta-qn0104,2022,11,11,9,9,0,2,0.8181818181818182,0.8181818181818182,0.0,0.18181818181818182,0.0,0.7272727272727273,0.0,0.7777777777777778,0.0,0.5,0.0,4.090909090909091,0.9727272727272727,street_food,0.16666666666666666,0.8181818181818182,0.0,0.0,0.0,0.0,0.8181818181818182
nta-qn0104,2023,15,12,12,10,2,3,0.8,0.6666666666666666,0.13333333333333333,0.2,0.2,0.4666666666666667,0.3333333333333333,0.4166666666666667,0.4166666666666667,0.6666666666666666,0.0,3.2,0.92,street_food,0.07453559924999299,0.8,0.0,0.0,0.0,0.0,0.8
nta-qn0104,2024,33,23,20,9,11,13,0.6060606060606061,0.2727272727272727,0.3333333333333333,0.3939393939393939,1.2222222222222223,0.696969696969697,0.06060606060606061,0.6,0.1,0.8461538461538461,0.0,4.363636363636363,0.8333333333333334,middle_eastern,0.20412414523193154,0.6060606060606061,0.0,0.0,0.0,0.0,0.6060606060606061
nta-qn0104,2025,112,38,58,38,20,54,0.5178571428571429,0.3392857142857143,0.17857142857142858,0.48214285714285715,0.5263157894736842,0.6875,0.125,0.7413793103448276,0.10344827586206896,0.6296296296296297,0.14814814814814814,4.151785714285714,0.8392857142857143,middle_eastern,0.14660242530676768,0.5178571428571429,0.0,0.0,0.0,0.0,0.5178571428571429
nta-qn0104,2026,53,27,23,17,6,30,0.4339622641509434,0.32075471698113206,0.11320754716981132,0.5660377358490566,0.35294117647058826,0.6037735849056604,0.24528301886792453,0.6956521739130435,0.21739130434782608,0.5333333333333333,0.26666666666666666,3.830188679245283,0.8698113207547169,middle_eastern,0.12982951353020955,0.4339622641509434,0.0,0.0,0.0,0.0,0.4339622641509434
nta-qn0105,2023,7,5,5,5,0,2,0.7142857142857143,0.7142857142857143,0.0,0.2857142857142857,0.0,0.7142857142857143,0.0,0.6,0.0,1.0,0.0,4.714285714285714,0.9571428571428572,middle_eastern,0.11547005383792516,0.7142857142857143,0.0,0.0,0.0,0.0,0.7142857142857143
nta-qn0105,2024,16,10,6,6,0,10,0.375,0.375,0.0,0.625,0.0,0.75,0.125,1.0,0.0,0.6,0.2,4.1875,0.95,other,0.16666666666666669,0.375,0.0,0.0,0.0,0.0,0.375
nta-qn0105,2025,40,17,18,18,0,22,0.45,0.45,0.0,0.55,0.0,0.775,0.075,0.7222222222222222,0.1111111111111111,0.8181818181818182,0.045454545454545456,4.25,0.945,south_asian,0.17272924172386694,0.45,0.0,0.0,0.0,0.0,0.45
nta-qn0105,2026,24,14,10,8,2,14,0.4166666666666667,0.3333333333333333,0.08333333333333333,0.5833333333333334,0.25,0.9166666666666666,0.041666666666666664,1.0,0.0,0.8571428571428571,0.07142857142857142,4.291666666666667,0.9125,south_asian,0.23094010767585027,0.4166666666666667,0.0,0.0,0.0,0.0,0.4166666666666667
nta-qn0161,2023,1,1,0,0,0,1,0.0,0.0,0.0,1.0,0.0,1.0,0.0,0.0,0.0,1.0,0.0,5.0,0.9,other,0.0,0.0,0.0,0.0,0.0,0.0,0.0
nta-qn0161,2024,1,1,0,0,0,1,0.0,0.0,0.0,1.0,0.0,0.0,0.0,0.0,0.0,0.0,0.0,4.0,0.9,other,0.0,0.0,0.0,0.0,0.0,0.0,0.0
nta-qn0161,2025,4,2,1,1,0,3,0.25,0.25,0.0,0.75,0.0,0.75,0.0,1.0,0.0,0.6666666666666666,0.0,4.5,0.9,other,0.0,0.25,0.0,0.0,0.0,0.0,0.25
nta-qn0161,2026,3,1,0,0,0,3,0.0,0.0,0.0,1.0,0.0,0.6666666666666666,0.0,0.0,0.0,0.6666666666666666,0.0,5.0,0.8000000000000002,other,0.0,0.0,0.0,0.0,0.0,0.0,0.0
nta-qn0202,2022,9,6,3,2,1,6,0.3333333333333333,0.2222222222222222,0.1111111111111111,0.6666666666666666,0.5,0.4444444444444444,0.1111111111111111,0.6666666666666666,0.3333333333333333,0.3333333333333333,0.0,3.6666666666666665,0.8888888888888888,street_food,0.23570226039551584,0.3333333333333333,0.0,0.0,0.0,0.0,0.3333333333333333
nta-qn0202,2023,13,9,5,3,2,8,0.38461538461538464,0.23076923076923078,0.15384615384615385,0.6153846153846154,0.6666666666666666,0.5384615384615384,0.3076923076923077,0.6,0.2,0.5,0.375,3.769230769230769,0.9076923076923078,street_food,0.0,0.38461538461538464,0.0,0.0,0.0,0.0,0.38461538461538464
nta-qn0202,2024,27,15,20,17,3,7,0.7407407407407407,0.6296296296296297,0.1111111111111111,0.25925925925925924,0.17647058823529413,0.7407407407407407,0.037037037037037035,0.7,0.05,0.8571428571428571,0.0,4.666666666666667,0.9518518518518518,street_food,0.30276503540974914,0.7407407407407407,0.0,0.0,0.0,0.0,0.7407407407407407
nta-qn0202,2025,39,17,18,12,6,21,0.46153846153846156,0.3076923076923077,0.15384615384615385,0.5384615384615384,0.5,0.6666666666666666,0.07692307692307693,0.7777777777777778,0.0,0.5714285714285714,0.14285714285714285,4.256410256410256,0.8487179487179486,street_food,0.16480441082434807,0.46153846153846156,0.0,0.0,0.0,0.0,0.46153846153846156
nta-qn0202,2026,30,14,10,7,3,20,0.3333333333333333,0.23333333333333334,0.1,0.6666666666666666,0.42857142857142855,0.7,0.13333333333333333,0.7,0.2,0.7,0.1,4.166666666666667,0.9199999999999998,street_food,0.282842712474619,0.3333333333333333,0.0,0.0,0.0,0.0,0.3333333333333333
nta-qn0203,2023,4,2,4,4,0,0,1.0,1.0,0.0,0.0,0.0,0.75,0.0,0.75,0.0,0.0,0.0,5.0,1.0,other,0.0,1.0,0.0,0.0,0.0,0.0,1.0
nta-qn0203,2024,3,1,3,3,0,0,1.0,1.0,0.0,0.0,0.0,0.6666666666666666,0.3333333333333333,0.6666666666666666,0.3333333333333333,0.0,0.0,4.333333333333333,1.0,fast_casual,0.0,1.0,0.0,0.0,0.0,0.0,1.0
nta-qn0203,2025,1,1,1,1,0,0,1.0,1.0,0.0,0.0,0.0,1.0,0.0,1.0,0.0,0.0,0.0,5.0,1.0,fast_casual,0.0,1.0,0.0,0.0,0.0,0.0,1.0
nta-qn0203,2026,1,1,1,1,0,0,1.0,1.0,0.0,0.0,0.0,1.0,0.0,1.0,0.0,0.0,0.0,5.0,1.0,fast_casual,0.0,1.0,0.0,0.0,0.0,0.0,1.0
nta-qn0261,2023,3,1,1,0,1,2,0.3333333333333333,0.0,0.3333333333333333,0.6666666666666666,1.0,0.3333333333333333,0.3333333333333333,1.0,0.0,0.0,0.5,3.0,0.6,other,0.0,0.3333333333333333,0.0,0.0,0.0,0.0,0.3333333333333333
nta-qn0502,2022,2,1,0,0,0,2,0.0,0.0,0.0,1.0,0.0,1.0,0.0,0.0,0.0,1.0,0.0,5.0,0.9,other,0.0,0.0,0.0,0.0,0.0,0.0,0.0
nta-qn0502,2023,1,1,0,0,0,1,0.0,0.0,0.0,1.0,0.0,0.0,1.0,0.0,0.0,0.0,1.0,1.0,0.9,other,0.0,0.0,0.0,0.0,0.0,0.0,0.0
nta-qn0502,2025,4,1,0,0,0,4,0.0,0.0,0.0,1.0,0.0,0.25,0.75,0.0,0.0,0.25,0.75,3.25,0.9,other,0.0,0.0,0.0,0.0,0.0,0.0,0.0
nta-qn0502,2026,1,1,0,0,0,1,0.0,0.0,0.0,1.0,0.0,0.0,1.0,0.0,0.0,0.0,1.0,1.0,0.9,other,0.0,0.0,0.0,0.0,0.0,0.0,0.0
qn-astoria,2022,9,9,3,3,0,6,0.3333333333333333,0.3333333333333333,0.0,0.6666666666666666,0.0,0.7777777777777778,0.2222222222222222,1.0,0.0,0.6666666666666666,0.3333333333333333,3.6666666666666665,0.9333333333333333,fast_casual,0.0,0.3333333333333333,0.0,0.0,0.0,0.0,0.3333333333333333
qn-astoria,2023,15,9,5,5,0,10,0.3333333333333333,0.3333333333333333,0.0,0.6666666666666666,0.0,0.6,0.06666666666666667,0.6,0.2,0.6,0.0,4.333333333333333,0.9133333333333334,street_food,0.42426406871192857,0.3333333333333333,0.0,0.0,0.0,0.0,0.3333333333333333
qn-astoria,2024,41,26,17,14,3,24,0.4146341463414634,0.34146341463414637,0.07317073170731707,0.5853658536585366,0.21428571428571427,0.8536585365853658,0.04878048780487805,0.8235294117647058,0.11764705882352941,0.875,0.0,4.2439024390243905,0.8512195121951219,street_food,0.19331384382535274,0.4146341463414634,0.0,0.0,0.0,0.0,0.4146341463414634
qn-astoria,2025,137,54,58,54,4,79,0.4233576642335766,0.39416058394160586,0.029197080291970802,0.5766423357664233,0.07407407407407407,0.7372262773722628,0.10218978102189781,0.7758620689655172,0.10344827586206896,0.7088607594936709,0.10126582278481013,4.138686131386861,0.8941605839416058,middle_eastern,0.10325652727115267,0.4233576642335766,0.0,0.0,0.0,0.0,0.4233576642335766
qn-astoria,2026,83,43,25,25,0,58,0.30120481927710846,0.30120481927710846,0.0,0.6987951807228916,0.0,0.6746987951807228,0.1566265060240964,0.64,0.16,0.6896551724137931,0.15517241379310345,4.072289156626506,0.8746987951807228,other,0.14179797835888447,0.30120481927710846,0.0,0.0,0.0,0.0,0.30120481927710846
qn-lic,2022,4,3,2,2,0,2,0.5,0.5,0.0,0.5,0.0,0.25,0.5,0.5,0.5,0.0,0.5,2.0,0.925,street_food,0.0,0.5,0.0,0.0,0.0,0.0,0.5
qn-lic,2023,5,4,1,1,0,4,0.2,0.2,0.0,0.8,0.0,0.6,0.2,1.0,0.0,0.5,0.25,3.8,0.9,street_food,0.0,0.2,0.0,0.0,0.0,0.0,0.2
qn-lic,2024,15,9,8,6,2,7,0.5333333333333333,0.4,0.13333333333333333,0.4666666666666667,0.3333333333333333,0.6,0.06666666666666667,0.5,0.0,0.7142857142857143,0.14285714285714285,3.8,0.8933333333333333,street_food,0.3535533905932738,0.5333333333333333,0.0,0.0,0.0,0.0,0.5333333333333333
qn-lic,2025,39,16,10,6,4,29,0.2564102564102564,0.15384615384615385,0.10256410256410256,0.7435897435897436,0.6666666666666666,0.6410256410256411,0.07692307692307693,0.7,0.0,0.6206896551724138,0.10344827586206896,4.230769230769231,0.8564102564102564,street_food,0.17320508075688773,0.2564102564102564,0.0,0.0,0.0,0.0,0.2564102564102564
qn-lic,2026,32,14,2,2,0,30,0.0625,0.0625,0.0,0.9375,0.0,0.625,0.09375,1.0,0.0,0.6,0.1,4.34375,0.884375,street_food,0.0,0.0625,0.0,0.0,0.0,0.0,0.0625
,2022,28,19,10,6,4,18,0.35714285714285715,0.21428571428571427,0.14285714285714285,0.6428571428571429,0.6666666666666666,0.6071428571428571,0.2857142857142857,0.7,0.2,0.5555555555555556,0.3333333333333333,3.607142857142857,0.7678571428571426,middle_eastern,0.11547005383792516,0.35714285714285715,0.0,0.0,0.0,0.0,0.35714285714285715
,2023,46,32,23,19,4,23,0.5,0.41304347826086957,0.08695652173913043,0.5,0.21052631578947367,0.6739130434782609,0.15217391304347827,0.6956521739130435,0.13043478260869565,0.6521739130434783,0.17391304347826086,4.1521739130434785,0.8260869565217391,middle_eastern,0.2735447259156069,0.5,0.0,0.0,0.0,0.0,0.5
,2024,66,37,34,29,5,32,0.5151515151515151,0.4393939393939394,0.07575757575757576,0.48484848484848486,0.1724137931034483,0.6515151515151515,0.18181818181818182,0.6764705882352942,0.17647058823529413,0.625,0.1875,3.8333333333333335,0.8848484848484849,street_food,0.09144489267734134,0.5151515151515151,0.0,0.0,0.0,0.0,0.5151515151515151
,2025,242,83,100,82,18,142,0.4132231404958678,0.33884297520661155,0.0743801652892562,0.5867768595041323,0.21951219512195122,0.6528925619834711,0.16115702479338842,0.65,0.16,0.6549295774647887,0.1619718309859155,4.016528925619835,0.8791322314049588,middle_eastern,0.1389484316812056,0.4132231404958678,0.0,0.0,0.0,0.0,0.4132231404958678
,2026,107,54,36,27,9,71,0.3364485981308411,0.2523364485981308,0.08411214953271028,0.6635514018691588,0.3333333333333333,0.7009345794392523,0.1308411214953271,0.7222222222222222,0.16666666666666666,0.6901408450704225,0.11267605633802817,4.242990654205608,0.8813084112149535,middle_eastern,0.15010284540118107,0.3364485981308411,0.0,0.0,0.0,0.0,0.3364485981308411
